0,*,*,*,<think>#Newline        <set name="quoi">#Newline          <star/>#Newline        </set>#Newline      </think>#Newline      <think>#Newline        <set name="lui">#Newline          <person/>#Newline        </set>#Newline      </think>#Newline      <think>#Newline        <set name="toi">#Newline          <person2/>#Newline        </set>#Newline      </think>#Newline      <srai>CATCHALL</srai>,system.aiml
0,TROUVER LE CONTEXTE,*,*,Nous parlons de <get name="topic"/>#Comma  #Newlineplus précisement de <person2><that/></person2>.  #NewlineAvant Cela nous parlions de <get name="oldtopic"/>.,system.aiml
0,RETOURNER AU PRÉCÉDENT CONTEXTE,*,*,<think>#Newline        <set name="currenttopic">#Newline          <get name="topic"/>#Newline        </set>#Newline        <set name="topic">#Newline          <get name="oldtopic"/>#Newline        </set>#Newline        <set name="oldtopic">#Newline          <get name="currenttopic"/>#Newline        </set>#Newline      </think>#NewlineNous parlons de <get name="topic"/>#Comma  #NewlineAvant Cela nous parlions de <get name="oldtopic"/>.,system.aiml
0,PARLONS *,*,*,<think>#Newline        <think>#Newline          <set name="oldtopic">#Newline            <get name="topic"/>#Newline          </set>#Newline        </think>#Newline      </think>#Newline      <set name="topic">#Newline        <star/>#Newline      </set>#Newline      <srai>#Newline        <person/></srai>,system.aiml
0,INFINITE LOOP,*,*,désolé#Comma j'ai une boucle!!!#Newline<think><set name="memoriser">boucle SÛR "<input/>" dans le contexte : <get name="topic"/> pour "<get name="name"/>"</set></think><think><gossip><get name="memoriser"/></gossip></think>,system.aiml
0,CATCHALL,*,*,<think>#Newline        <set name="identity">#Newline          <id/>#Newline        </set>#Newline        <set name="memoriser">#Newline          <set name="mastercontent">incomprehension de "<get name="quoi"/>" dans le contexte : <get name="topic"/></set> pour "<get name="name"/>"</set>#Newline      </think>#Newline      <think>#Newline        <gossip>#Newline          <get name="memoriser"/>#Newline        </gossip>#Newline      </think>#Newline      <condition>#Newline        <li name="apprendre" value="oui">que veut dire <get name="quoi"/>?#Newline		<think><set name="oldtopic"><topic/></set><think><set name="oldtopic"><get name="topic"/></set></think><set name="topic">comprendre</set></think></li>#Newline        <li>#Newline          <srai>confusion</srai>#Newline</li>#Newline      </condition>,system.aiml
