0,# DO YOU WANT TO HAVE SEX #,*,*,<srai>FILTER INAPPROPRIATE</srai>,inappropriate.aiml
0,# DO YOU WANT TO HAVE SEX WITH ME #,*,*,<srai>FILTER INAPPROPRIATE</srai>,inappropriate.aiml
0,# DO YOU WATCH PORN #,*,*,<srai>FILTER INAPPROPRIATE</srai>,inappropriate.aiml
0,# DO YOU WANNA HAVE SEX #,*,*,<srai>FILTER INAPPROPRIATE</srai>,inappropriate.aiml
0,# DO YOU SWALLOW #,*,*,<srai>FILTER INAPPROPRIATE</srai>,inappropriate.aiml
0,# DO YOU HAVE SEX #,*,*,<srai>FILTER INAPPROPRIATE</srai>,inappropriate.aiml
0,# DO YOU HAVE BIG BOOBIES #,*,*,<srai>FILTER INAPPROPRIATE</srai>,inappropriate.aiml
0,# DO YOU SUCK DICK #,*,*,<srai>FILTER INAPPROPRIATE</srai>,inappropriate.aiml
0,# DO YOU LIKE A ASTERISK #,*,*,<srai>FILTER INAPPROPRIATE</srai>,inappropriate.aiml
0,# DO YOU LIKE TO HAVE SEX #,*,*,<srai>FILTER INAPPROPRIATE</srai>,inappropriate.aiml
0,# DO YOU LIKE TO SUCK #,*,*,<srai>FILTER INAPPROPRIATE</srai>,inappropriate.aiml
0,# DO YOU LIKE SEX #,*,*,<srai>FILTER INAPPROPRIATE</srai>,inappropriate.aiml
0,# DO YOU LIKE PORN #,*,*,<srai>FILTER INAPPROPRIATE</srai>,inappropriate.aiml
0,# DO YOU LIKE PENIS #,*,*,<srai>FILTER INAPPROPRIATE</srai>,inappropriate.aiml
0,# DO YOU KNOW ANY DIRTY JOKES #,*,*,<srai>FILTER INAPPROPRIATE</srai>,inappropriate.aiml
0,# ARE YOU SEXY #,*,*,<srai>FILTER INAPPROPRIATE</srai>,inappropriate.aiml
0,# ARE YOU HORNY #,*,*,<srai>FILTER INAPPROPRIATE</srai>,inappropriate.aiml
0,# TELL ME A DIRTY JOKE #,*,*,<srai>FILTER INAPPROPRIATE</srai>,inappropriate.aiml
0,# SHOW ME A VAGINA #,*,*,<srai>FILTER INAPPROPRIATE</srai>,inappropriate.aiml
0,# SHOW ME A PICTURE OF NUDE #,*,*,<srai>FILTER INAPPROPRIATE</srai>,inappropriate.aiml
0,# SHOW ME A PICTURE OF BOOBIES #,*,*,<srai>FILTER INAPPROPRIATE</srai>,inappropriate.aiml
0,# SHOW ME A NAKED #,*,*,<srai>FILTER INAPPROPRIATE</srai>,inappropriate.aiml
0,# SHOW ME PORN #,*,*,<srai>FILTER INAPPROPRIATE</srai>,inappropriate.aiml
0,# TEENBLOWJOB #,*,*,<srai>FILTER INAPPROPRIATE</srai>,inappropriate.aiml
0,# SHOW ME SOME PORN #,*,*,<srai>FILTER INAPPROPRIATE</srai>,inappropriate.aiml
0,# SHOW ME TITS #,*,*,<srai>FILTER INAPPROPRIATE</srai>,inappropriate.aiml
0,# SHOW ME NUDE #,*,*,<srai>FILTER INAPPROPRIATE</srai>,inappropriate.aiml
0,# SHOW ME VAGINA #,*,*,<srai>FILTER INAPPROPRIATE</srai>,inappropriate.aiml
0,# SHOW ME YOUR VAGINA #,*,*,<srai>FILTER INAPPROPRIATE</srai>,inappropriate.aiml
0,# YOU TURN ME ON #,*,*,<srai>FILTER INAPPROPRIATE</srai>,inappropriate.aiml
0,# I WANT SEX #,*,*,<srai>FILTER INAPPROPRIATE</srai>,inappropriate.aiml
0,# I WANT TO F ASTERISK #,*,*,<srai>FILTER INAPPROPRIATE</srai>,inappropriate.aiml
0,# I WANT TO RAPE YOU #,*,*,<srai>FILTER INAPPROPRIATE</srai>,inappropriate.aiml
0,# I WANT TO HAVE SEX #,*,*,<srai>FILTER INAPPROPRIATE</srai>,inappropriate.aiml
0,# I WANT TO MAKE LOVE TO YOU #,*,*,<srai>FILTER INAPPROPRIATE</srai>,inappropriate.aiml
0,# I HAVE A BONER #,*,*,<srai>FILTER INAPPROPRIATE</srai>,inappropriate.aiml
0,# I AM HORNY #,*,*,<srai>FILTER INAPPROPRIATE</srai>,inappropriate.aiml
0,# I LIKE SEX #,*,*,<srai>FILTER INAPPROPRIATE</srai>,inappropriate.aiml
0,# I LIKE TO HAVE SEX #,*,*,<srai>FILTER INAPPROPRIATE</srai>,inappropriate.aiml
0,# I LIKE RAPE #,*,*,<srai>FILTER INAPPROPRIATE</srai>,inappropriate.aiml
0,# I WILL FUCK YOU #,*,*,<srai>FILTER INAPPROPRIATE</srai>,inappropriate.aiml
0,# I WANNA HAVE SEX #,*,*,<srai>FILTER INAPPROPRIATE</srai>,inappropriate.aiml
0,# I WANNA FUCK YOU #,*,*,<srai>FILTER INAPPROPRIATE</srai>,inappropriate.aiml
0,# I FUCKED #,*,*,<srai>FILTER INAPPROPRIATE</srai>,inappropriate.aiml
0,# I NEED SEX #,*,*,<srai>FILTER INAPPROPRIATE</srai>,inappropriate.aiml
0,# T ASTERISK ASTERISK ASTERISK #,*,*,<srai>FILTER INAPPROPRIATE</srai>,inappropriate.aiml
0,# SEXFUCK #,*,*,<srai>FILTER INAPPROPRIATE</srai>,inappropriate.aiml
0,# NUDEGIRL #,*,*,<srai>FILTER INAPPROPRIATE</srai>,inappropriate.aiml
0,# GIRLSEX #,*,*,<srai>FILTER INAPPROPRIATE</srai>,inappropriate.aiml
0,# TO FUCK YOU #,*,*,<srai>FILTER INAPPROPRIATE</srai>,inappropriate.aiml
0,# ANAL SEX #,*,*,<srai>FILTER INAPPROPRIATE</srai>,inappropriate.aiml
0,# HOGTIED #,*,*,<srai>FILTER INAPPROPRIATE</srai>,inappropriate.aiml
0,# TEEN UNDERSCORE #,*,*,<srai>FILTER INAPPROPRIATE</srai>,inappropriate.aiml
0,# YOUR PUSSY #,*,*,<srai>FILTER INAPPROPRIATE</srai>,inappropriate.aiml
0,# YOUR BREASTS #,*,*,<srai>FILTER INAPPROPRIATE</srai>,inappropriate.aiml
0,# DOWNBLOUSE #,*,*,<srai>FILTER INAPPROPRIATE</srai>,inappropriate.aiml
0,# SEX WITH YOU #,*,*,<srai>FILTER INAPPROPRIATE</srai>,inappropriate.aiml
0,# SEXGURL #,*,*,<srai>FILTER INAPPROPRIATE</srai>,inappropriate.aiml
0,# NICE ASS #,*,*,<srai>FILTER INAPPROPRIATE</srai>,inappropriate.aiml
0,# NEKKID GIRL #,*,*,<srai>FILTER INAPPROPRIATE</srai>,inappropriate.aiml
0,# WHALETAILS #,*,*,<srai>FILTER INAPPROPRIATE</srai>,inappropriate.aiml
0,# BLOWJOBGIRL #,*,*,<srai>FILTER INAPPROPRIATE</srai>,inappropriate.aiml
0,# ATK GALLERIA #,*,*,<srai>FILTER INAPPROPRIATE</srai>,inappropriate.aiml
0,# RAPE YOU #,*,*,<srai>FILTER INAPPROPRIATE</srai>,inappropriate.aiml
0,# STRIPPER #,*,*,<srai>FILTER INAPPROPRIATE</srai>,inappropriate.aiml
0,# GIRLSPUSSY #,*,*,<srai>FILTER INAPPROPRIATE</srai>,inappropriate.aiml
0,# YOU NAKED #,*,*,<srai>FILTER INAPPROPRIATE</srai>,inappropriate.aiml
0,# BIG DICKS #,*,*,<srai>FILTER INAPPROPRIATE</srai>,inappropriate.aiml
0,# MASTURBATE #,*,*,<srai>FILTER INAPPROPRIATE</srai>,inappropriate.aiml
0,# WOULD YOU LIKE TO HAVE SEX #,*,*,<srai>FILTER INAPPROPRIATE</srai>,inappropriate.aiml
0,# HAVING SEX #,*,*,<srai>FILTER INAPPROPRIATE</srai>,inappropriate.aiml
0,# HAVING SEX WITH #,*,*,<srai>FILTER INAPPROPRIATE</srai>,inappropriate.aiml
0,# FUCK ME #,*,*,<srai>FILTER INAPPROPRIATE</srai>,inappropriate.aiml
0,# FUCK MY #,*,*,<srai>FILTER INAPPROPRIATE</srai>,inappropriate.aiml
0,# WANT TO HAVE SEX #,*,*,<srai>FILTER INAPPROPRIATE</srai>,inappropriate.aiml
0,# LETS HAVE SEX #,*,*,<srai>FILTER INAPPROPRIATE</srai>,inappropriate.aiml
0,# LETS FUCK #,*,*,<srai>FILTER INAPPROPRIATE</srai>,inappropriate.aiml
0,# PORNHUB #,*,*,<srai>FILTER INAPPROPRIATE</srai>,inappropriate.aiml
0,# MY PENIS #,*,*,<srai>FILTER INAPPROPRIATE</srai>,inappropriate.aiml
0,# MY PENIS IS #,*,*,<srai>FILTER INAPPROPRIATE</srai>,inappropriate.aiml
0,# MY DICK #,*,*,<srai>FILTER INAPPROPRIATE</srai>,inappropriate.aiml
0,# MY DICK IS #,*,*,<srai>FILTER INAPPROPRIATE</srai>,inappropriate.aiml
0,# CAN WE HAVE SEX #,*,*,<srai>FILTER INAPPROPRIATE</srai>,inappropriate.aiml
0,# CAN YOU TELL ME A DIRTY JOKE #,*,*,<srai>FILTER INAPPROPRIATE</srai>,inappropriate.aiml
0,# CAN YOU HAVE SEX #,*,*,<srai>FILTER INAPPROPRIATE</srai>,inappropriate.aiml
0,# CAN YOU SUCK MY #,*,*,<srai>FILTER INAPPROPRIATE</srai>,inappropriate.aiml
0,# CAN YOU GIVE ME A BLOWJOB #,*,*,<srai>FILTER INAPPROPRIATE</srai>,inappropriate.aiml
0,# CAN YOU TALK DIRTY TO ME #,*,*,<srai>FILTER INAPPROPRIATE</srai>,inappropriate.aiml
0,# CAN I F ASTERISK ASTERISK ASTERISK YOU #,*,*,<srai>FILTER INAPPROPRIATE</srai>,inappropriate.aiml
0,# CAN I FUCK YOU #,*,*,<srai>FILTER INAPPROPRIATE</srai>,inappropriate.aiml
0,# CAN I SUCK ON YOUR #,*,*,<srai>FILTER INAPPROPRIATE</srai>,inappropriate.aiml
0,# LICK MY #,*,*,<srai>FILTER INAPPROPRIATE</srai>,inappropriate.aiml
0,# IM GOING TO FUCK YOU #,*,*,<srai>FILTER INAPPROPRIATE</srai>,inappropriate.aiml
0,# IM CUMMING #,*,*,<srai>FILTER INAPPROPRIATE</srai>,inappropriate.aiml
0,# BUTT #,*,*,<srai>FILTER INAPPROPRIATE</srai>,inappropriate.aiml
0,# GIVE ME A BLOWJOB #,*,*,<srai>FILTER INAPPROPRIATE</srai>,inappropriate.aiml
0,# LET US TALK ABOUT SEX #,*,*,<srai>FILTER INAPPROPRIATE</srai>,inappropriate.aiml
0,# SUCK ON MY #,*,*,<srai>FILTER INAPPROPRIATE</srai>,inappropriate.aiml
0,# SUCK A DICK #,*,*,<srai>FILTER INAPPROPRIATE</srai>,inappropriate.aiml
0,# SUCK A #,*,*,<srai>FILTER INAPPROPRIATE</srai>,inappropriate.aiml
0,# SUCK MY COCK #,*,*,<srai>FILTER INAPPROPRIATE</srai>,inappropriate.aiml
0,# SUCK MY #,*,*,<srai>FILTER INAPPROPRIATE</srai>,inappropriate.aiml
0,# PENIS IN #,*,*,<srai>FILTER INAPPROPRIATE</srai>,inappropriate.aiml
0,# TAKE OFF YOUR #,*,*,<srai>FILTER INAPPROPRIATE</srai>,inappropriate.aiml
0,# WILL YOU SUCK MY PENIS #,*,*,<srai>FILTER INAPPROPRIATE</srai>,inappropriate.aiml
0,# BLOW ME #,*,*,<srai>FILTER INAPPROPRIATE</srai>,inappropriate.aiml
0,# TALK DIRTY TO ME #,*,*,<srai>FILTER INAPPROPRIATE</srai>,inappropriate.aiml
0,# WHAT IS A BLOWJOB #,*,*,<srai>FILTER INAPPROPRIATE</srai>,inappropriate.aiml
0,# YOUR ASS #,*,*,<srai>FILTER INAPPROPRIATE</srai>,inappropriate.aiml
0,# KISSES YOUR #,*,*,<srai>FILTER INAPPROPRIATE</srai>,inappropriate.aiml
0,# HOW DO YOU HAVE SEX #,*,*,<srai>FILTER INAPPROPRIATE</srai>,inappropriate.aiml
0,# HOW BIG IS YOUR PENIS #,*,*,<srai>FILTER INAPPROPRIATE</srai>,inappropriate.aiml
0,# HAVE SEX WITH ME #,*,*,<srai>FILTER INAPPROPRIATE</srai>,inappropriate.aiml
0,# HAVE SEX WITH #,*,*,<srai>FILTER INAPPROPRIATE</srai>,inappropriate.aiml
0,# MAKE ME CUM #,*,*,<srai>FILTER INAPPROPRIATE</srai>,inappropriate.aiml
0,# WANNA FUCK #,*,*,<srai>FILTER INAPPROPRIATE</srai>,inappropriate.aiml
0,# WANNA SUCK MY #,*,*,<srai>FILTER INAPPROPRIATE</srai>,inappropriate.aiml
0,# PORNOS #,*,*,<srai>FILTER INAPPROPRIATE</srai>,inappropriate.aiml
0,# SHOW ME A PICTURE OF A NAKED #,*,*,<srai>FILTER INAPPROPRIATE</srai>,inappropriate.aiml
0,# I LIKE VAGINA #,*,*,<srai>FILTER INAPPROPRIATE</srai>,inappropriate.aiml
0,# YOUR PENIS #,*,*,<srai>FILTER INAPPROPRIATE</srai>,inappropriate.aiml
0,# FIND A DICK #,*,*,<srai>FILTER INAPPROPRIATE</srai>,inappropriate.aiml
0,# FIND A F ASTERISK ASTERISK ASTERISK ASTERISK ASTERISK ASTERISK JOB #,*,*,<srai>FILTER INAPPROPRIATE</srai>,inappropriate.aiml
0,# GAY PORN #,*,*,<srai>FILTER INAPPROPRIATE</srai>,inappropriate.aiml
0,# P ASTERISK ASTERISK ASTERISK ASTERISK #,*,*,<srai>FILTER INAPPROPRIATE</srai>,inappropriate.aiml
0,# FIND A NAKED WOMAN #,*,*,<srai>FILTER INAPPROPRIATE</srai>,inappropriate.aiml
0,# HENTAI #,*,*,<srai>FILTER INAPPROPRIATE</srai>,inappropriate.aiml
0,# MISTY DAWN #,*,*,<srai>FILTER INAPPROPRIATE</srai>,inappropriate.aiml
0,# HAVE SEX #,*,*,<srai>FILTER INAPPROPRIATE</srai>,inappropriate.aiml
0,# FIND A SEXY #,*,*,<srai>FILTER INAPPROPRIATE</srai>,inappropriate.aiml
0,# YOU ARE SEXY #,*,*,<srai>FILTER INAPPROPRIATE</srai>,inappropriate.aiml
0,# OPEN YOUR #,*,*,<srai>FILTER INAPPROPRIATE</srai>,inappropriate.aiml
0,# SEARCH PORN #,*,*,<srai>FILTER INAPPROPRIATE</srai>,inappropriate.aiml
0,# DO YOU LIKE BIG DICKS #,*,*,<srai>FILTER INAPPROPRIATE</srai>,inappropriate.aiml
0,# TEENPUSSY #,*,*,<srai>FILTER INAPPROPRIATE</srai>,inappropriate.aiml
0,# CAN I HAVE SEX WITH YOU #,*,*,<srai>FILTER INAPPROPRIATE</srai>,inappropriate.aiml
0,# WHALETAIL #,*,*,<srai>FILTER INAPPROPRIATE</srai>,inappropriate.aiml
0,# HEY BABY #,*,*,<srai>FILTER INAPPROPRIATE</srai>,inappropriate.aiml
0,# DOWN BLOUSE #,*,*,<srai>FILTER INAPPROPRIATE</srai>,inappropriate.aiml
0,# SEXXX #,*,*,<srai>FILTER INAPPROPRIATE</srai>,inappropriate.aiml
0,# SHOW ME A PICTURE OF A STRIPPER #,*,*,<srai>FILTER INAPPROPRIATE</srai>,inappropriate.aiml
0,# I WANT TO SUCK YOUR #,*,*,<srai>FILTER INAPPROPRIATE</srai>,inappropriate.aiml
0,# BALLS #,*,*,<srai>FILTER INAPPROPRIATE</srai>,inappropriate.aiml
0,# WILL YOU SUCK MY DICK #,*,*,<srai>FILTER INAPPROPRIATE</srai>,inappropriate.aiml
0,# I WANT TO F ASTERISK ASTERISK ASTERISK #,*,*,<srai>FILTER INAPPROPRIATE</srai>,inappropriate.aiml
0,# BEND OVER #,*,*,<srai>FILTER INAPPROPRIATE</srai>,inappropriate.aiml
0,# SHOW ME YOUR ASS #,*,*,<srai>FILTER INAPPROPRIATE</srai>,inappropriate.aiml
0,# DICK #,*,*,<srai>FILTER INAPPROPRIATE</srai>,inappropriate.aiml
0,# GIRLASS #,*,*,<srai>FILTER INAPPROPRIATE</srai>,inappropriate.aiml
0,# SHOW ME GIRL #,*,*,<srai>FILTER INAPPROPRIATE</srai>,inappropriate.aiml
0,# I AM NAKED #,*,*,<srai>FILTER INAPPROPRIATE</srai>,inappropriate.aiml
0,# SUCK IT #,*,*,<srai>FILTER INAPPROPRIATE</srai>,inappropriate.aiml
0,# PICTURE OF SEX #,*,*,<srai>FILTER INAPPROPRIATE</srai>,inappropriate.aiml
0,# ORALSEX #,*,*,<srai>FILTER INAPPROPRIATE</srai>,inappropriate.aiml
0,# WILL YOU SUCK MY #,*,*,<srai>FILTER INAPPROPRIATE</srai>,inappropriate.aiml
0,# I WANT TO LICK #,*,*,<srai>FILTER INAPPROPRIATE</srai>,inappropriate.aiml
0,# NUDETEEN #,*,*,<srai>FILTER INAPPROPRIATE</srai>,inappropriate.aiml
0,SPREAD YOUR LEGS,*,*,<srai>FILTER INAPPROPRIATE</srai>,inappropriate.aiml
0,# MASTURBATION #,*,*,<srai>FILTER INAPPROPRIATE</srai>,inappropriate.aiml
0,# ANAL #,*,*,<srai>FILTER INAPPROPRIATE</srai>,inappropriate.aiml
0,# ANALANNIE #,*,*,<srai>FILTER INAPPROPRIATE</srai>,inappropriate.aiml
0,# ANALSEX #,*,*,<srai>FILTER INAPPROPRIATE</srai>,inappropriate.aiml
0,# ANUS #,*,*,<srai>FILTER INAPPROPRIATE</srai>,inappropriate.aiml
0,# ARSE #,*,*,<srai>FILTER INAPPROPRIATE</srai>,inappropriate.aiml
0,# ASS #,*,*,<srai>FILTER INAPPROPRIATE</srai>,inappropriate.aiml
0,# ASSBAGGER #,*,*,<srai>FILTER INAPPROPRIATE</srai>,inappropriate.aiml
0,# ASSBLASTER #,*,*,<srai>FILTER INAPPROPRIATE</srai>,inappropriate.aiml
0,# ASSCLOWN #,*,*,<srai>FILTER INAPPROPRIATE</srai>,inappropriate.aiml
0,# ASSCOWBOY #,*,*,<srai>FILTER INAPPROPRIATE</srai>,inappropriate.aiml
0,# ASSFUCK #,*,*,<srai>FILTER INAPPROPRIATE</srai>,inappropriate.aiml
0,# ASSFUCKER #,*,*,<srai>FILTER INAPPROPRIATE</srai>,inappropriate.aiml
0,# ASSHOLE #,*,*,<srai>FILTER INAPPROPRIATE</srai>,inappropriate.aiml
0,# ASSHOLES #,*,*,<srai>FILTER INAPPROPRIATE</srai>,inappropriate.aiml
0,# ASSHORE #,*,*,<srai>FILTER INAPPROPRIATE</srai>,inappropriate.aiml
0,# ASSJOCKEY #,*,*,<srai>FILTER INAPPROPRIATE</srai>,inappropriate.aiml
0,# ASSKISS #,*,*,<srai>FILTER INAPPROPRIATE</srai>,inappropriate.aiml
0,# ASSKISSER #,*,*,<srai>FILTER INAPPROPRIATE</srai>,inappropriate.aiml
0,# ASSKLOWN #,*,*,<srai>FILTER INAPPROPRIATE</srai>,inappropriate.aiml
0,# ASSLICK #,*,*,<srai>FILTER INAPPROPRIATE</srai>,inappropriate.aiml
0,# ASSLICKER #,*,*,<srai>FILTER INAPPROPRIATE</srai>,inappropriate.aiml
0,# ASSLOVER #,*,*,<srai>FILTER INAPPROPRIATE</srai>,inappropriate.aiml
0,# ASSMAN #,*,*,<srai>FILTER INAPPROPRIATE</srai>,inappropriate.aiml
0,# ASSMONKEY #,*,*,<srai>FILTER INAPPROPRIATE</srai>,inappropriate.aiml
0,# ASSMUNCH #,*,*,<srai>FILTER INAPPROPRIATE</srai>,inappropriate.aiml
0,# ASSMUNCHER #,*,*,<srai>FILTER INAPPROPRIATE</srai>,inappropriate.aiml
0,# ASSPACKER #,*,*,<srai>FILTER INAPPROPRIATE</srai>,inappropriate.aiml
0,# ASSPIRATE #,*,*,<srai>FILTER INAPPROPRIATE</srai>,inappropriate.aiml
0,# ASSPUPPIES #,*,*,<srai>FILTER INAPPROPRIATE</srai>,inappropriate.aiml
0,# ASSRANGER #,*,*,<srai>FILTER INAPPROPRIATE</srai>,inappropriate.aiml
0,# ASSWHORE #,*,*,<srai>FILTER INAPPROPRIATE</srai>,inappropriate.aiml
0,# ASSWIPE #,*,*,<srai>FILTER INAPPROPRIATE</srai>,inappropriate.aiml
0,# AXING THE WEASEL #,*,*,<srai>FILTER INAPPROPRIATE</srai>,inappropriate.aiml
0,# B HARD #,*,*,<srai>FILTER INAPPROPRIATE</srai>,inappropriate.aiml
0,# BACK DOOR #,*,*,<srai>FILTER INAPPROPRIATE</srai>,inappropriate.aiml
0,# BACK DOOR MAN #,*,*,<srai>FILTER INAPPROPRIATE</srai>,inappropriate.aiml
0,# BACKDOOR #,*,*,<srai>FILTER INAPPROPRIATE</srai>,inappropriate.aiml
0,# BACKDOORMAN #,*,*,<srai>FILTER INAPPROPRIATE</srai>,inappropriate.aiml
0,# BACKSEAT #,*,*,<srai>FILTER INAPPROPRIATE</srai>,inappropriate.aiml
0,# BAD ASS #,*,*,<srai>FILTER INAPPROPRIATE</srai>,inappropriate.aiml
0,# BAD FUCK #,*,*,<srai>FILTER INAPPROPRIATE</srai>,inappropriate.aiml
0,# BADFUCK #,*,*,<srai>FILTER INAPPROPRIATE</srai>,inappropriate.aiml
0,# BALL LICKER #,*,*,<srai>FILTER INAPPROPRIATE</srai>,inappropriate.aiml
0,# BALL SACK #,*,*,<srai>FILTER INAPPROPRIATE</srai>,inappropriate.aiml
0,# BALLLICKER #,*,*,<srai>FILTER INAPPROPRIATE</srai>,inappropriate.aiml
0,# BALLSACK #,*,*,<srai>FILTER INAPPROPRIATE</srai>,inappropriate.aiml
0,# BARELY LEGAL #,*,*,<srai>FILTER INAPPROPRIATE</srai>,inappropriate.aiml
0,# BARELYLEGAL #,*,*,<srai>FILTER INAPPROPRIATE</srai>,inappropriate.aiml
0,# BARFACE #,*,*,<srai>FILTER INAPPROPRIATE</srai>,inappropriate.aiml
0,# BARFFACE #,*,*,<srai>FILTER INAPPROPRIATE</srai>,inappropriate.aiml
0,# BASTARD #,*,*,<srai>FILTER INAPPROPRIATE</srai>,inappropriate.aiml
0,# BAZONGAS #,*,*,<srai>FILTER INAPPROPRIATE</srai>,inappropriate.aiml
0,# BAZOOMS #,*,*,<srai>FILTER INAPPROPRIATE</srai>,inappropriate.aiml
0,# BEASTALITY #,*,*,<srai>FILTER INAPPROPRIATE</srai>,inappropriate.aiml
0,# BEASTIALITY #,*,*,<srai>FILTER INAPPROPRIATE</srai>,inappropriate.aiml
0,# BEAT OFF #,*,*,<srai>FILTER INAPPROPRIATE</srai>,inappropriate.aiml
0,# BEAT YOUR MEAT #,*,*,<srai>FILTER INAPPROPRIATE</srai>,inappropriate.aiml
0,# BEATOFF #,*,*,<srai>FILTER INAPPROPRIATE</srai>,inappropriate.aiml
0,# BEATYOURMEAT #,*,*,<srai>FILTER INAPPROPRIATE</srai>,inappropriate.aiml
0,# BI SEXUAL #,*,*,<srai>FILTER INAPPROPRIATE</srai>,inappropriate.aiml
0,# BIATCH #,*,*,<srai>FILTER INAPPROPRIATE</srai>,inappropriate.aiml
0,# BIG ASS #,*,*,<srai>FILTER INAPPROPRIATE</srai>,inappropriate.aiml
0,# BIG BITCH #,*,*,<srai>FILTER INAPPROPRIATE</srai>,inappropriate.aiml
0,# BIG BUTT #,*,*,<srai>FILTER INAPPROPRIATE</srai>,inappropriate.aiml
0,# BIGASS #,*,*,<srai>FILTER INAPPROPRIATE</srai>,inappropriate.aiml
0,# BIGBASTARD #,*,*,<srai>FILTER INAPPROPRIATE</srai>,inappropriate.aiml
0,# BIGBUTT #,*,*,<srai>FILTER INAPPROPRIATE</srai>,inappropriate.aiml
0,# BISEXUAL #,*,*,<srai>FILTER INAPPROPRIATE</srai>,inappropriate.aiml
0,# BI-SEXUAL #,*,*,<srai>FILTER INAPPROPRIATE</srai>,inappropriate.aiml
0,# BITCHES #,*,*,<srai>FILTER INAPPROPRIATE</srai>,inappropriate.aiml
0,# BITCHIN #,*,*,<srai>FILTER INAPPROPRIATE</srai>,inappropriate.aiml
0,# BITCHY #,*,*,<srai>FILTER INAPPROPRIATE</srai>,inappropriate.aiml
0,# BITE ME #,*,*,<srai>FILTER INAPPROPRIATE</srai>,inappropriate.aiml
0,# BITEME #,*,*,<srai>FILTER INAPPROPRIATE</srai>,inappropriate.aiml
0,# BLACK OUT #,*,*,<srai>FILTER INAPPROPRIATE</srai>,inappropriate.aiml
0,# BLACKOUT #,*,*,<srai>FILTER INAPPROPRIATE</srai>,inappropriate.aiml
0,# BLOW JOB #,*,*,<srai>FILTER INAPPROPRIATE</srai>,inappropriate.aiml
0,# BLOWJOB #,*,*,<srai>FILTER INAPPROPRIATE</srai>,inappropriate.aiml
0,# BONER #,*,*,<srai>FILTER INAPPROPRIATE</srai>,inappropriate.aiml
0,# BOOB #,*,*,<srai>FILTER INAPPROPRIATE</srai>,inappropriate.aiml
0,# BOOBIES #,*,*,<srai>FILTER INAPPROPRIATE</srai>,inappropriate.aiml
0,# BOOBS #,*,*,<srai>FILTER INAPPROPRIATE</srai>,inappropriate.aiml
0,# BOODY #,*,*,<srai>FILTER INAPPROPRIATE</srai>,inappropriate.aiml
0,# BREAST JOB #,*,*,<srai>FILTER INAPPROPRIATE</srai>,inappropriate.aiml
0,# BREAST LOVER #,*,*,<srai>FILTER INAPPROPRIATE</srai>,inappropriate.aiml
0,# BREAST MAN #,*,*,<srai>FILTER INAPPROPRIATE</srai>,inappropriate.aiml
0,# BREASTJOB #,*,*,<srai>FILTER INAPPROPRIATE</srai>,inappropriate.aiml
0,# BREASTLOVER #,*,*,<srai>FILTER INAPPROPRIATE</srai>,inappropriate.aiml
0,# BREASTMAN #,*,*,<srai>FILTER INAPPROPRIATE</srai>,inappropriate.aiml
0,# BUDWEISER #,*,*,<srai>FILTER INAPPROPRIATE</srai>,inappropriate.aiml
0,# BULL CRAP #,*,*,<srai>FILTER INAPPROPRIATE</srai>,inappropriate.aiml
0,# BULL DIKE #,*,*,<srai>FILTER INAPPROPRIATE</srai>,inappropriate.aiml
0,# BULL DYKE #,*,*,<srai>FILTER INAPPROPRIATE</srai>,inappropriate.aiml
0,# BULL SHIT #,*,*,<srai>FILTER INAPPROPRIATE</srai>,inappropriate.aiml
0,# BULLCRAP #,*,*,<srai>FILTER INAPPROPRIATE</srai>,inappropriate.aiml
0,# BULLDIKE #,*,*,<srai>FILTER INAPPROPRIATE</srai>,inappropriate.aiml
0,# BULLDYKE #,*,*,<srai>FILTER INAPPROPRIATE</srai>,inappropriate.aiml
0,# BULLSHIT #,*,*,<srai>FILTER INAPPROPRIATE</srai>,inappropriate.aiml
0,# BUMBLE FUCK #,*,*,<srai>FILTER INAPPROPRIATE</srai>,inappropriate.aiml
0,# BUMBLEFUCK #,*,*,<srai>FILTER INAPPROPRIATE</srai>,inappropriate.aiml
0,# BUMFUCK #,*,*,<srai>FILTER INAPPROPRIATE</srai>,inappropriate.aiml
0,# BUNGHOLE #,*,*,<srai>FILTER INAPPROPRIATE</srai>,inappropriate.aiml
0,# BUTCH BABES #,*,*,<srai>FILTER INAPPROPRIATE</srai>,inappropriate.aiml
0,# BUTCH DIKE #,*,*,<srai>FILTER INAPPROPRIATE</srai>,inappropriate.aiml
0,# BUTCH DYKE #,*,*,<srai>FILTER INAPPROPRIATE</srai>,inappropriate.aiml
0,# BUTCHBABES #,*,*,<srai>FILTER INAPPROPRIATE</srai>,inappropriate.aiml
0,# BUTCHDIKE #,*,*,<srai>FILTER INAPPROPRIATE</srai>,inappropriate.aiml
0,# BUTCHDYKE #,*,*,<srai>FILTER INAPPROPRIATE</srai>,inappropriate.aiml
0,# BUTT BANG #,*,*,<srai>FILTER INAPPROPRIATE</srai>,inappropriate.aiml
0,# BUTT FUCK #,*,*,<srai>FILTER INAPPROPRIATE</srai>,inappropriate.aiml
0,# BUTT FUCKER #,*,*,<srai>FILTER INAPPROPRIATE</srai>,inappropriate.aiml
0,# BUTT FUCKERS #,*,*,<srai>FILTER INAPPROPRIATE</srai>,inappropriate.aiml
0,# BUTT HEAD #,*,*,<srai>FILTER INAPPROPRIATE</srai>,inappropriate.aiml
0,# BUTT MAN #,*,*,<srai>FILTER INAPPROPRIATE</srai>,inappropriate.aiml
0,# BUTT PLUG #,*,*,<srai>FILTER INAPPROPRIATE</srai>,inappropriate.aiml
0,# BUTT STAIN #,*,*,<srai>FILTER INAPPROPRIATE</srai>,inappropriate.aiml
0,# BUTTBANG #,*,*,<srai>FILTER INAPPROPRIATE</srai>,inappropriate.aiml
0,# BUTT-BANG #,*,*,<srai>FILTER INAPPROPRIATE</srai>,inappropriate.aiml
0,# BUTTFACE #,*,*,<srai>FILTER INAPPROPRIATE</srai>,inappropriate.aiml
0,# BUTTFUCK #,*,*,<srai>FILTER INAPPROPRIATE</srai>,inappropriate.aiml
0,# BUTTFUCKER #,*,*,<srai>FILTER INAPPROPRIATE</srai>,inappropriate.aiml
0,# BUTT-FUCKER #,*,*,<srai>FILTER INAPPROPRIATE</srai>,inappropriate.aiml
0,# BUTTFUCKERS #,*,*,<srai>FILTER INAPPROPRIATE</srai>,inappropriate.aiml
0,# BUTT-FUCKERS #,*,*,<srai>FILTER INAPPROPRIATE</srai>,inappropriate.aiml
0,# BUTTHEAD #,*,*,<srai>FILTER INAPPROPRIATE</srai>,inappropriate.aiml
0,# BUTTMAN #,*,*,<srai>FILTER INAPPROPRIATE</srai>,inappropriate.aiml
0,# BUTTPIRATE #,*,*,<srai>FILTER INAPPROPRIATE</srai>,inappropriate.aiml
0,# BUTTPLUG #,*,*,<srai>FILTER INAPPROPRIATE</srai>,inappropriate.aiml
0,# BUTTSTAIN #,*,*,<srai>FILTER INAPPROPRIATE</srai>,inappropriate.aiml
0,# CAMEL TOE #,*,*,<srai>FILTER INAPPROPRIATE</srai>,inappropriate.aiml
0,# CAMELTOE #,*,*,<srai>FILTER INAPPROPRIATE</srai>,inappropriate.aiml
0,# CARPET MUNCHER #,*,*,<srai>FILTER INAPPROPRIATE</srai>,inappropriate.aiml
0,# CARPETMUNCHER #,*,*,<srai>FILTER INAPPROPRIATE</srai>,inappropriate.aiml
0,# CARRUTH #,*,*,<srai>FILTER INAPPROPRIATE</srai>,inappropriate.aiml
0,# CHERRY POPPER #,*,*,<srai>FILTER INAPPROPRIATE</srai>,inappropriate.aiml
0,# CHERRYPOPPER #,*,*,<srai>FILTER INAPPROPRIATE</srai>,inappropriate.aiml
0,# CHICK SLICK #,*,*,<srai>FILTER INAPPROPRIATE</srai>,inappropriate.aiml
0,# CHICKSLICK #,*,*,<srai>FILTER INAPPROPRIATE</srai>,inappropriate.aiml
0,# CLAM DIGGER #,*,*,<srai>FILTER INAPPROPRIATE</srai>,inappropriate.aiml
0,# CLAM DIVER #,*,*,<srai>FILTER INAPPROPRIATE</srai>,inappropriate.aiml
0,# CLAMDIGGER #,*,*,<srai>FILTER INAPPROPRIATE</srai>,inappropriate.aiml
0,# CLAMDIVER #,*,*,<srai>FILTER INAPPROPRIATE</srai>,inappropriate.aiml
0,# CLIT #,*,*,<srai>FILTER INAPPROPRIATE</srai>,inappropriate.aiml
0,# CLITORIS #,*,*,<srai>FILTER INAPPROPRIATE</srai>,inappropriate.aiml
0,# COCK #,*,*,<srai>FILTER INAPPROPRIATE</srai>,inappropriate.aiml
0,# COCKBLOCK #,*,*,<srai>FILTER INAPPROPRIATE</srai>,inappropriate.aiml
0,# COCKBLOCKER #,*,*,<srai>FILTER INAPPROPRIATE</srai>,inappropriate.aiml
0,# COCKCOWBOY #,*,*,<srai>FILTER INAPPROPRIATE</srai>,inappropriate.aiml
0,# COCKFIGHT #,*,*,<srai>FILTER INAPPROPRIATE</srai>,inappropriate.aiml
0,# COCKHEAD #,*,*,<srai>FILTER INAPPROPRIATE</srai>,inappropriate.aiml
0,# COCKKNOB #,*,*,<srai>FILTER INAPPROPRIATE</srai>,inappropriate.aiml
0,# COCKLICKER #,*,*,<srai>FILTER INAPPROPRIATE</srai>,inappropriate.aiml
0,# COCKLOVER #,*,*,<srai>FILTER INAPPROPRIATE</srai>,inappropriate.aiml
0,# COCKNOB #,*,*,<srai>FILTER INAPPROPRIATE</srai>,inappropriate.aiml
0,# COCKQUEEN #,*,*,<srai>FILTER INAPPROPRIATE</srai>,inappropriate.aiml
0,# COCKRIDER #,*,*,<srai>FILTER INAPPROPRIATE</srai>,inappropriate.aiml
0,# COCKS MAN #,*,*,<srai>FILTER INAPPROPRIATE</srai>,inappropriate.aiml
0,# COCKSMAN #,*,*,<srai>FILTER INAPPROPRIATE</srai>,inappropriate.aiml
0,# COCKSMITH #,*,*,<srai>FILTER INAPPROPRIATE</srai>,inappropriate.aiml
0,# COCKSUCER #,*,*,<srai>FILTER INAPPROPRIATE</srai>,inappropriate.aiml
0,# COCKSUCKER #,*,*,<srai>FILTER INAPPROPRIATE</srai>,inappropriate.aiml
0,# COCKTAIL #,*,*,<srai>FILTER INAPPROPRIATE</srai>,inappropriate.aiml
0,# COCKTEASE #,*,*,<srai>FILTER INAPPROPRIATE</srai>,inappropriate.aiml
0,# COCKY #,*,*,<srai>FILTER INAPPROPRIATE</srai>,inappropriate.aiml
0,# CONDOM #,*,*,<srai>FILTER INAPPROPRIATE</srai>,inappropriate.aiml
0,# COPULATE #,*,*,<srai>FILTER INAPPROPRIATE</srai>,inappropriate.aiml
0,# CORN HOLE #,*,*,<srai>FILTER INAPPROPRIATE</srai>,inappropriate.aiml
0,# CORNHOLE #,*,*,<srai>FILTER INAPPROPRIATE</srai>,inappropriate.aiml
0,# CRACK PIPE #,*,*,<srai>FILTER INAPPROPRIATE</srai>,inappropriate.aiml
0,# CRACK WHORE #,*,*,<srai>FILTER INAPPROPRIATE</srai>,inappropriate.aiml
0,# CRACKPIPE #,*,*,<srai>FILTER INAPPROPRIATE</srai>,inappropriate.aiml
0,# CRACKWHORE #,*,*,<srai>FILTER INAPPROPRIATE</srai>,inappropriate.aiml
0,# CRAP #,*,*,<srai>FILTER INAPPROPRIATE</srai>,inappropriate.aiml
0,# CRAPPY #,*,*,<srai>FILTER INAPPROPRIATE</srai>,inappropriate.aiml
0,# CREAMY #,*,*,<srai>FILTER INAPPROPRIATE</srai>,inappropriate.aiml
0,# CROTCH #,*,*,<srai>FILTER INAPPROPRIATE</srai>,inappropriate.aiml
0,# CROTCH JOCKEY #,*,*,<srai>FILTER INAPPROPRIATE</srai>,inappropriate.aiml
0,# CROTCH MONKEY #,*,*,<srai>FILTER INAPPROPRIATE</srai>,inappropriate.aiml
0,# CROTCH ROT #,*,*,<srai>FILTER INAPPROPRIATE</srai>,inappropriate.aiml
0,# CROTCHJOCKEY #,*,*,<srai>FILTER INAPPROPRIATE</srai>,inappropriate.aiml
0,# CROTCHMONKEY #,*,*,<srai>FILTER INAPPROPRIATE</srai>,inappropriate.aiml
0,# CROTCHROT #,*,*,<srai>FILTER INAPPROPRIATE</srai>,inappropriate.aiml
0,# CUM #,*,*,<srai>FILTER INAPPROPRIATE</srai>,inappropriate.aiml
0,# CUM BUBBLE #,*,*,<srai>FILTER INAPPROPRIATE</srai>,inappropriate.aiml
0,# CUM FEST #,*,*,<srai>FILTER INAPPROPRIATE</srai>,inappropriate.aiml
0,# CUM JOCKEY #,*,*,<srai>FILTER INAPPROPRIATE</srai>,inappropriate.aiml
0,# CUM QUAT #,*,*,<srai>FILTER INAPPROPRIATE</srai>,inappropriate.aiml
0,# CUM QUEEN #,*,*,<srai>FILTER INAPPROPRIATE</srai>,inappropriate.aiml
0,# CUM SHOT #,*,*,<srai>FILTER INAPPROPRIATE</srai>,inappropriate.aiml
0,# CUMBUBBLE #,*,*,<srai>FILTER INAPPROPRIATE</srai>,inappropriate.aiml
0,# CUMFEST #,*,*,<srai>FILTER INAPPROPRIATE</srai>,inappropriate.aiml
0,# CUMJOCKEY #,*,*,<srai>FILTER INAPPROPRIATE</srai>,inappropriate.aiml
0,# CUMM #,*,*,<srai>FILTER INAPPROPRIATE</srai>,inappropriate.aiml
0,# CUMMING #,*,*,<srai>FILTER INAPPROPRIATE</srai>,inappropriate.aiml
0,# CUMQUAT #,*,*,<srai>FILTER INAPPROPRIATE</srai>,inappropriate.aiml
0,# CUMQUEEN #,*,*,<srai>FILTER INAPPROPRIATE</srai>,inappropriate.aiml
0,# CUMSHOT #,*,*,<srai>FILTER INAPPROPRIATE</srai>,inappropriate.aiml
0,# CUNNILINGUS #,*,*,<srai>FILTER INAPPROPRIATE</srai>,inappropriate.aiml
0,# CUNT FUCK #,*,*,<srai>FILTER INAPPROPRIATE</srai>,inappropriate.aiml
0,# CUNT FUCKER #,*,*,<srai>FILTER INAPPROPRIATE</srai>,inappropriate.aiml
0,# CUNT LICKER #,*,*,<srai>FILTER INAPPROPRIATE</srai>,inappropriate.aiml
0,# CUNTFUCK #,*,*,<srai>FILTER INAPPROPRIATE</srai>,inappropriate.aiml
0,# CUNTFUCKER #,*,*,<srai>FILTER INAPPROPRIATE</srai>,inappropriate.aiml
0,# CUNTLICKER #,*,*,<srai>FILTER INAPPROPRIATE</srai>,inappropriate.aiml
0,# CYBER SEX #,*,*,<srai>FILTER INAPPROPRIATE</srai>,inappropriate.aiml
0,# CYBER SLIMER #,*,*,<srai>FILTER INAPPROPRIATE</srai>,inappropriate.aiml
0,# CYBERSEX #,*,*,<srai>FILTER INAPPROPRIATE</srai>,inappropriate.aiml
0,# CYBERSLIMER #,*,*,<srai>FILTER INAPPROPRIATE</srai>,inappropriate.aiml
0,# DAHMER #,*,*,<srai>FILTER INAPPROPRIATE</srai>,inappropriate.aiml
0,# DAMN #,*,*,<srai>FILTER INAPPROPRIATE</srai>,inappropriate.aiml
0,# DAMN IT #,*,*,<srai>FILTER INAPPROPRIATE</srai>,inappropriate.aiml
0,# DAMNIT #,*,*,<srai>FILTER INAPPROPRIATE</srai>,inappropriate.aiml
0,# DATNIGGA #,*,*,<srai>FILTER INAPPROPRIATE</srai>,inappropriate.aiml
0,# DEAP THROAT #,*,*,<srai>FILTER INAPPROPRIATE</srai>,inappropriate.aiml
0,# DEAPER #,*,*,<srai>FILTER INAPPROPRIATE</srai>,inappropriate.aiml
0,# DEAPTHROAT #,*,*,<srai>FILTER INAPPROPRIATE</srai>,inappropriate.aiml
0,# DEEP THROAT #,*,*,<srai>FILTER INAPPROPRIATE</srai>,inappropriate.aiml
0,# DEEPER #,*,*,<srai>FILTER INAPPROPRIATE</srai>,inappropriate.aiml
0,# DEEPTHROAT #,*,*,<srai>FILTER INAPPROPRIATE</srai>,inappropriate.aiml
0,# DEFECATE #,*,*,<srai>FILTER INAPPROPRIATE</srai>,inappropriate.aiml
0,# DEPOSIT #,*,*,<srai>FILTER INAPPROPRIATE</srai>,inappropriate.aiml
0,# DEVIL #,*,*,<srai>FILTER INAPPROPRIATE</srai>,inappropriate.aiml
0,# DICK BRAIN #,*,*,<srai>FILTER INAPPROPRIATE</srai>,inappropriate.aiml
0,# DICK FART #,*,*,<srai>FILTER INAPPROPRIATE</srai>,inappropriate.aiml
0,# DICK FOR BRAINS #,*,*,<srai>FILTER INAPPROPRIATE</srai>,inappropriate.aiml
0,# DICK HEAD #,*,*,<srai>FILTER INAPPROPRIATE</srai>,inappropriate.aiml
0,# DICK LICK #,*,*,<srai>FILTER INAPPROPRIATE</srai>,inappropriate.aiml
0,# DICK LICKER #,*,*,<srai>FILTER INAPPROPRIATE</srai>,inappropriate.aiml
0,# DICK LIKCER #,*,*,<srai>FILTER INAPPROPRIATE</srai>,inappropriate.aiml
0,# DICK WAD #,*,*,<srai>FILTER INAPPROPRIATE</srai>,inappropriate.aiml
0,# DICK WEED #,*,*,<srai>FILTER INAPPROPRIATE</srai>,inappropriate.aiml
0,# DICKBRAIN #,*,*,<srai>FILTER INAPPROPRIATE</srai>,inappropriate.aiml
0,# DICKFORBRAINS #,*,*,<srai>FILTER INAPPROPRIATE</srai>,inappropriate.aiml
0,# DICKHEAD #,*,*,<srai>FILTER INAPPROPRIATE</srai>,inappropriate.aiml
0,# DICKLESS #,*,*,<srai>FILTER INAPPROPRIATE</srai>,inappropriate.aiml
0,# DICKLICK #,*,*,<srai>FILTER INAPPROPRIATE</srai>,inappropriate.aiml
0,# DICKLICKER #,*,*,<srai>FILTER INAPPROPRIATE</srai>,inappropriate.aiml
0,# DICKMAN #,*,*,<srai>FILTER INAPPROPRIATE</srai>,inappropriate.aiml
0,# DICKWAD #,*,*,<srai>FILTER INAPPROPRIATE</srai>,inappropriate.aiml
0,# DICKWEED #,*,*,<srai>FILTER INAPPROPRIATE</srai>,inappropriate.aiml
0,# DIKE #,*,*,<srai>FILTER INAPPROPRIATE</srai>,inappropriate.aiml
0,# DILDO #,*,*,<srai>FILTER INAPPROPRIATE</srai>,inappropriate.aiml
0,# DIP STICK #,*,*,<srai>FILTER INAPPROPRIATE</srai>,inappropriate.aiml
0,# DIPSTICK #,*,*,<srai>FILTER INAPPROPRIATE</srai>,inappropriate.aiml
0,# DIRTY HO #,*,*,<srai>FILTER INAPPROPRIATE</srai>,inappropriate.aiml
0,# DIXIE DIKE #,*,*,<srai>FILTER INAPPROPRIATE</srai>,inappropriate.aiml
0,# DIXIE DYKE #,*,*,<srai>FILTER INAPPROPRIATE</srai>,inappropriate.aiml
0,# DIXIEDIKE #,*,*,<srai>FILTER INAPPROPRIATE</srai>,inappropriate.aiml
0,# DIXIEDYKE #,*,*,<srai>FILTER INAPPROPRIATE</srai>,inappropriate.aiml
0,# DO ME #,*,*,<srai>FILTER INAPPROPRIATE</srai>,inappropriate.aiml
0,# DOGGIE STYLE #,*,*,<srai>FILTER INAPPROPRIATE</srai>,inappropriate.aiml
0,# DOGGIESTYLE #,*,*,<srai>FILTER INAPPROPRIATE</srai>,inappropriate.aiml
0,# DOGGY STLYE #,*,*,<srai>FILTER INAPPROPRIATE</srai>,inappropriate.aiml
0,# DOGGYSTYLE #,*,*,<srai>FILTER INAPPROPRIATE</srai>,inappropriate.aiml
0,# DOME #,*,*,<srai>FILTER INAPPROPRIATE</srai>,inappropriate.aiml
0,# DONG #,*,*,<srai>FILTER INAPPROPRIATE</srai>,inappropriate.aiml
0,# DOPE #,*,*,<srai>FILTER INAPPROPRIATE</srai>,inappropriate.aiml
0,# DRAG QUEEN #,*,*,<srai>FILTER INAPPROPRIATE</srai>,inappropriate.aiml
0,# DRAGQUEEN #,*,*,<srai>FILTER INAPPROPRIATE</srai>,inappropriate.aiml
0,# DRAGQWEEN #,*,*,<srai>FILTER INAPPROPRIATE</srai>,inappropriate.aiml
0,# DRIP DICK #,*,*,<srai>FILTER INAPPROPRIATE</srai>,inappropriate.aiml
0,# DRIPDICK #,*,*,<srai>FILTER INAPPROPRIATE</srai>,inappropriate.aiml
0,# DRUNK #,*,*,<srai>FILTER INAPPROPRIATE</srai>,inappropriate.aiml
0,# DRUNKEN #,*,*,<srai>FILTER INAPPROPRIATE</srai>,inappropriate.aiml
0,# DUMB ASS #,*,*,<srai>FILTER INAPPROPRIATE</srai>,inappropriate.aiml
0,# DUMB BITCH #,*,*,<srai>FILTER INAPPROPRIATE</srai>,inappropriate.aiml
0,# DUMB FUCK #,*,*,<srai>FILTER INAPPROPRIATE</srai>,inappropriate.aiml
0,# DUMBASS #,*,*,<srai>FILTER INAPPROPRIATE</srai>,inappropriate.aiml
0,# DUMBBITCH #,*,*,<srai>FILTER INAPPROPRIATE</srai>,inappropriate.aiml
0,# DUMBFUCK #,*,*,<srai>FILTER INAPPROPRIATE</srai>,inappropriate.aiml
0,# EASY SLUT #,*,*,<srai>FILTER INAPPROPRIATE</srai>,inappropriate.aiml
0,# EASYSLUT #,*,*,<srai>FILTER INAPPROPRIATE</srai>,inappropriate.aiml
0,# EAT ME #,*,*,<srai>FILTER INAPPROPRIATE</srai>,inappropriate.aiml
0,# EAT PUSSY #,*,*,<srai>FILTER INAPPROPRIATE</srai>,inappropriate.aiml
0,# EATBALLS #,*,*,<srai>FILTER INAPPROPRIATE</srai>,inappropriate.aiml
0,# EATME #,*,*,<srai>FILTER INAPPROPRIATE</srai>,inappropriate.aiml
0,# EATPUSSY #,*,*,<srai>FILTER INAPPROPRIATE</srai>,inappropriate.aiml
0,# EJACULATE #,*,*,<srai>FILTER INAPPROPRIATE</srai>,inappropriate.aiml
0,# ERECTION #,*,*,<srai>FILTER INAPPROPRIATE</srai>,inappropriate.aiml
0,# EVL #,*,*,<srai>FILTER INAPPROPRIATE</srai>,inappropriate.aiml
0,# EXCREMENT #,*,*,<srai>FILTER INAPPROPRIATE</srai>,inappropriate.aiml
0,# F U C K #,*,*,<srai>FILTER INAPPROPRIATE</srai>,inappropriate.aiml
0,# FACE FUCKER #,*,*,<srai>FILTER INAPPROPRIATE</srai>,inappropriate.aiml
0,# FACEFUCKER #,*,*,<srai>FILTER INAPPROPRIATE</srai>,inappropriate.aiml
0,# FAGGOT #,*,*,<srai>FILTER INAPPROPRIATE</srai>,inappropriate.aiml
0,# FAGOT #,*,*,<srai>FILTER INAPPROPRIATE</srai>,inappropriate.aiml
0,# FAIRY #,*,*,<srai>FILTER INAPPROPRIATE</srai>,inappropriate.aiml
0,# FANNY FUCKER #,*,*,<srai>FILTER INAPPROPRIATE</srai>,inappropriate.aiml
0,# FANNYFUCKER #,*,*,<srai>FILTER INAPPROPRIATE</srai>,inappropriate.aiml
0,# FART #,*,*,<srai>FILTER INAPPROPRIATE</srai>,inappropriate.aiml
0,# FAST FUCK #,*,*,<srai>FILTER INAPPROPRIATE</srai>,inappropriate.aiml
0,# FASTFUCK #,*,*,<srai>FILTER INAPPROPRIATE</srai>,inappropriate.aiml
0,# FAT ASS #,*,*,<srai>FILTER INAPPROPRIATE</srai>,inappropriate.aiml
0,# FAT FUCK #,*,*,<srai>FILTER INAPPROPRIATE</srai>,inappropriate.aiml
0,# FAT FUCKER #,*,*,<srai>FILTER INAPPROPRIATE</srai>,inappropriate.aiml
0,# FATASS #,*,*,<srai>FILTER INAPPROPRIATE</srai>,inappropriate.aiml
0,# FATFUCK #,*,*,<srai>FILTER INAPPROPRIATE</srai>,inappropriate.aiml
0,# FATFUCKER #,*,*,<srai>FILTER INAPPROPRIATE</srai>,inappropriate.aiml
0,# FATSO #,*,*,<srai>FILTER INAPPROPRIATE</srai>,inappropriate.aiml
0,# FELLATIO #,*,*,<srai>FILTER INAPPROPRIATE</srai>,inappropriate.aiml
0,# FEMME #,*,*,<srai>FILTER INAPPROPRIATE</srai>,inappropriate.aiml
0,# FINGER FOOD #,*,*,<srai>FILTER INAPPROPRIATE</srai>,inappropriate.aiml
0,# FINGER FUCK #,*,*,<srai>FILTER INAPPROPRIATE</srai>,inappropriate.aiml
0,# FINGER FUCKER #,*,*,<srai>FILTER INAPPROPRIATE</srai>,inappropriate.aiml
0,# FINGERFOOD #,*,*,<srai>FILTER INAPPROPRIATE</srai>,inappropriate.aiml
0,# FINGERFUCK #,*,*,<srai>FILTER INAPPROPRIATE</srai>,inappropriate.aiml
0,# FINGERFUCKER #,*,*,<srai>FILTER INAPPROPRIATE</srai>,inappropriate.aiml
0,# FIST FUCK #,*,*,<srai>FILTER INAPPROPRIATE</srai>,inappropriate.aiml
0,# FIST FUCKER #,*,*,<srai>FILTER INAPPROPRIATE</srai>,inappropriate.aiml
0,# FISTFUCK #,*,*,<srai>FILTER INAPPROPRIATE</srai>,inappropriate.aiml
0,# FISTFUCKER #,*,*,<srai>FILTER INAPPROPRIATE</srai>,inappropriate.aiml
0,# FISTING #,*,*,<srai>FILTER INAPPROPRIATE</srai>,inappropriate.aiml
0,# FLASHER #,*,*,<srai>FILTER INAPPROPRIATE</srai>,inappropriate.aiml
0,# FLATULENCE #,*,*,<srai>FILTER INAPPROPRIATE</srai>,inappropriate.aiml
0,# FLOGGIN THE DOLPHIN #,*,*,<srai>FILTER INAPPROPRIATE</srai>,inappropriate.aiml
0,# FONDLE #,*,*,<srai>FILTER INAPPROPRIATE</srai>,inappropriate.aiml
0,# FOOT FUCK #,*,*,<srai>FILTER INAPPROPRIATE</srai>,inappropriate.aiml
0,# FOOT FUCKER #,*,*,<srai>FILTER INAPPROPRIATE</srai>,inappropriate.aiml
0,# FOOT LICKER #,*,*,<srai>FILTER INAPPROPRIATE</srai>,inappropriate.aiml
0,# FOOTACTION #,*,*,<srai>FILTER INAPPROPRIATE</srai>,inappropriate.aiml
0,# FOOTFUCK #,*,*,<srai>FILTER INAPPROPRIATE</srai>,inappropriate.aiml
0,# FOOTFUCKER #,*,*,<srai>FILTER INAPPROPRIATE</srai>,inappropriate.aiml
0,# FOOTLICKER #,*,*,<srai>FILTER INAPPROPRIATE</srai>,inappropriate.aiml
0,# FOOTSTAR #,*,*,<srai>FILTER INAPPROPRIATE</srai>,inappropriate.aiml
0,# FORE SKIN #,*,*,<srai>FILTER INAPPROPRIATE</srai>,inappropriate.aiml
0,# FORESKIN #,*,*,<srai>FILTER INAPPROPRIATE</srai>,inappropriate.aiml
0,# FORNICATE #,*,*,<srai>FILTER INAPPROPRIATE</srai>,inappropriate.aiml
0,# FOUR 20 #,*,*,<srai>FILTER INAPPROPRIATE</srai>,inappropriate.aiml
0,# FOUR TWENTY #,*,*,<srai>FILTER INAPPROPRIATE</srai>,inappropriate.aiml
0,# FOUR20 #,*,*,<srai>FILTER INAPPROPRIATE</srai>,inappropriate.aiml
0,# FOURTWENTY #,*,*,<srai>FILTER INAPPROPRIATE</srai>,inappropriate.aiml
0,# FREAK FUCK #,*,*,<srai>FILTER INAPPROPRIATE</srai>,inappropriate.aiml
0,# FREAKFUCK #,*,*,<srai>FILTER INAPPROPRIATE</srai>,inappropriate.aiml
0,# FREAKY FUCKER #,*,*,<srai>FILTER INAPPROPRIATE</srai>,inappropriate.aiml
0,# FREAKYFUCKER #,*,*,<srai>FILTER INAPPROPRIATE</srai>,inappropriate.aiml
0,# FREE FUCK #,*,*,<srai>FILTER INAPPROPRIATE</srai>,inappropriate.aiml
0,# FREEFUCK #,*,*,<srai>FILTER INAPPROPRIATE</srai>,inappropriate.aiml
0,# FUCKA #,*,*,<srai>FILTER INAPPROPRIATE</srai>,inappropriate.aiml
0,# FUCKABLE #,*,*,<srai>FILTER INAPPROPRIATE</srai>,inappropriate.aiml
0,# FUCKBAG #,*,*,<srai>FILTER INAPPROPRIATE</srai>,inappropriate.aiml
0,# FUCKBUDDY #,*,*,<srai>FILTER INAPPROPRIATE</srai>,inappropriate.aiml
0,# FUCKEDUP #,*,*,<srai>FILTER INAPPROPRIATE</srai>,inappropriate.aiml
0,# FUCKER #,*,*,<srai>FILTER INAPPROPRIATE</srai>,inappropriate.aiml
0,# FUCKERS #,*,*,<srai>FILTER INAPPROPRIATE</srai>,inappropriate.aiml
0,# FUCKFACE #,*,*,<srai>FILTER INAPPROPRIATE</srai>,inappropriate.aiml
0,# FUCKFEST #,*,*,<srai>FILTER INAPPROPRIATE</srai>,inappropriate.aiml
0,# FUCKFREAK #,*,*,<srai>FILTER INAPPROPRIATE</srai>,inappropriate.aiml
0,# FUCKFRIEND #,*,*,<srai>FILTER INAPPROPRIATE</srai>,inappropriate.aiml
0,# FUCKHEAD #,*,*,<srai>FILTER INAPPROPRIATE</srai>,inappropriate.aiml
0,# FUCKHER #,*,*,<srai>FILTER INAPPROPRIATE</srai>,inappropriate.aiml
0,# FUCKIN #,*,*,<srai>FILTER INAPPROPRIATE</srai>,inappropriate.aiml
0,# FUCKIN A #,*,*,<srai>FILTER INAPPROPRIATE</srai>,inappropriate.aiml
0,# FUCKIN NUTS #,*,*,<srai>FILTER INAPPROPRIATE</srai>,inappropriate.aiml
0,# FUCKIN RIGHT #,*,*,<srai>FILTER INAPPROPRIATE</srai>,inappropriate.aiml
0,# FUCKINA #,*,*,<srai>FILTER INAPPROPRIATE</srai>,inappropriate.aiml
0,# FUCKING A #,*,*,<srai>FILTER INAPPROPRIATE</srai>,inappropriate.aiml
0,# FUCKING BITCH #,*,*,<srai>FILTER INAPPROPRIATE</srai>,inappropriate.aiml
0,# FUCKING NUTS #,*,*,<srai>FILTER INAPPROPRIATE</srai>,inappropriate.aiml
0,# FUCKINGBITCH #,*,*,<srai>FILTER INAPPROPRIATE</srai>,inappropriate.aiml
0,# FUCKINNUTS #,*,*,<srai>FILTER INAPPROPRIATE</srai>,inappropriate.aiml
0,# FUCKINRIGHT #,*,*,<srai>FILTER INAPPROPRIATE</srai>,inappropriate.aiml
0,# FUCKIT #,*,*,<srai>FILTER INAPPROPRIATE</srai>,inappropriate.aiml
0,# FUCKKNOB #,*,*,<srai>FILTER INAPPROPRIATE</srai>,inappropriate.aiml
0,# FUCKME #,*,*,<srai>FILTER INAPPROPRIATE</srai>,inappropriate.aiml
0,# FUCKMEHARD #,*,*,<srai>FILTER INAPPROPRIATE</srai>,inappropriate.aiml
0,# FUCKMONKEY #,*,*,<srai>FILTER INAPPROPRIATE</srai>,inappropriate.aiml
0,# FUCKOFF #,*,*,<srai>FILTER INAPPROPRIATE</srai>,inappropriate.aiml
0,# FUCKPIG #,*,*,<srai>FILTER INAPPROPRIATE</srai>,inappropriate.aiml
0,# FUCKWHORE #,*,*,<srai>FILTER INAPPROPRIATE</srai>,inappropriate.aiml
0,# FUCKYOU #,*,*,<srai>FILTER INAPPROPRIATE</srai>,inappropriate.aiml
0,# FUDGE PAKCERS #,*,*,<srai>FILTER INAPPROPRIATE</srai>,inappropriate.aiml
0,# FUN FUCK #,*,*,<srai>FILTER INAPPROPRIATE</srai>,inappropriate.aiml
0,# FUNFUCK #,*,*,<srai>FILTER INAPPROPRIATE</srai>,inappropriate.aiml
0,# FUUCK #,*,*,<srai>FILTER INAPPROPRIATE</srai>,inappropriate.aiml
0,# G UNIT #,*,*,<srai>FILTER INAPPROPRIATE</srai>,inappropriate.aiml
0,# GANG BANG #,*,*,<srai>FILTER INAPPROPRIATE</srai>,inappropriate.aiml
0,# GANG BANGER #,*,*,<srai>FILTER INAPPROPRIATE</srai>,inappropriate.aiml
0,# GANGBANG #,*,*,<srai>FILTER INAPPROPRIATE</srai>,inappropriate.aiml
0,# GANGBANGER #,*,*,<srai>FILTER INAPPROPRIATE</srai>,inappropriate.aiml
0,# GAY #,*,*,<srai>FILTER INAPPROPRIATE</srai>,inappropriate.aiml
0,# GAY ASS #,*,*,<srai>FILTER INAPPROPRIATE</srai>,inappropriate.aiml
0,# GAY MUTHA FUCKIN QUEER #,*,*,<srai>FILTER INAPPROPRIATE</srai>,inappropriate.aiml
0,# GAY PRIDE #,*,*,<srai>FILTER INAPPROPRIATE</srai>,inappropriate.aiml
0,# GAYMUTHAFUCKINWHORE #,*,*,<srai>FILTER INAPPROPRIATE</srai>,inappropriate.aiml
0,# GENITAL #,*,*,<srai>FILTER INAPPROPRIATE</srai>,inappropriate.aiml
0,# GET IT ON #,*,*,<srai>FILTER INAPPROPRIATE</srai>,inappropriate.aiml
0,# GETITON #,*,*,<srai>FILTER INAPPROPRIATE</srai>,inappropriate.aiml
0,# GIEHN #,*,*,<srai>FILTER INAPPROPRIATE</srai>,inappropriate.aiml
0,# GIVE HEAD #,*,*,<srai>FILTER INAPPROPRIATE</srai>,inappropriate.aiml
0,# GIVEHEAD #,*,*,<srai>FILTER INAPPROPRIATE</srai>,inappropriate.aiml
0,# GLAZED DONUT #,*,*,<srai>FILTER INAPPROPRIATE</srai>,inappropriate.aiml
0,# GLAZEDDONUT #,*,*,<srai>FILTER INAPPROPRIATE</srai>,inappropriate.aiml
0,# GO TO HELL #,*,*,<srai>FILTER INAPPROPRIATE</srai>,inappropriate.aiml
0,# GOD DAMED MUTHA FUCKA #,*,*,<srai>FILTER INAPPROPRIATE</srai>,inappropriate.aiml
0,# GOD DAMIT #,*,*,<srai>FILTER INAPPROPRIATE</srai>,inappropriate.aiml
0,# GOD DAMN #,*,*,<srai>FILTER INAPPROPRIATE</srai>,inappropriate.aiml
0,# GOD DAMNED #,*,*,<srai>FILTER INAPPROPRIATE</srai>,inappropriate.aiml
0,# GOD MANIT #,*,*,<srai>FILTER INAPPROPRIATE</srai>,inappropriate.aiml
0,# GODDAMIT #,*,*,<srai>FILTER INAPPROPRIATE</srai>,inappropriate.aiml
0,# GODDAMN #,*,*,<srai>FILTER INAPPROPRIATE</srai>,inappropriate.aiml
0,# GODDAMNED #,*,*,<srai>FILTER INAPPROPRIATE</srai>,inappropriate.aiml
0,# GODDAMNES #,*,*,<srai>FILTER INAPPROPRIATE</srai>,inappropriate.aiml
0,# GODDAMNIT #,*,*,<srai>FILTER INAPPROPRIATE</srai>,inappropriate.aiml
0,# GODDAMNMUTHAFUCKER #,*,*,<srai>FILTER INAPPROPRIATE</srai>,inappropriate.aiml
0,# GONORREHEA #,*,*,<srai>FILTER INAPPROPRIATE</srai>,inappropriate.aiml
0,# GONZAGAS #,*,*,<srai>FILTER INAPPROPRIATE</srai>,inappropriate.aiml
0,# GOOK #,*,*,<srai>FILTER INAPPROPRIATE</srai>,inappropriate.aiml
0,# GOT JESUS #,*,*,<srai>FILTER INAPPROPRIATE</srai>,inappropriate.aiml
0,# GOT2HAVEIT #,*,*,<srai>FILTER INAPPROPRIATE</srai>,inappropriate.aiml
0,# GOTOHELL #,*,*,<srai>FILTER INAPPROPRIATE</srai>,inappropriate.aiml
0,# HAND JOB #,*,*,<srai>FILTER INAPPROPRIATE</srai>,inappropriate.aiml
0,# HANDJOB #,*,*,<srai>FILTER INAPPROPRIATE</srai>,inappropriate.aiml
0,# HARD ON #,*,*,<srai>FILTER INAPPROPRIATE</srai>,inappropriate.aiml
0,# HARDER #,*,*,<srai>FILTER INAPPROPRIATE</srai>,inappropriate.aiml
0,# HARDON #,*,*,<srai>FILTER INAPPROPRIATE</srai>,inappropriate.aiml
0,# HAREM #,*,*,<srai>FILTER INAPPROPRIATE</srai>,inappropriate.aiml
0,# HE HATE ME #,*,*,<srai>FILTER INAPPROPRIATE</srai>,inappropriate.aiml
0,# HEAD FUCK #,*,*,<srai>FILTER INAPPROPRIATE</srai>,inappropriate.aiml
0,# HEAD LIGHTS #,*,*,<srai>FILTER INAPPROPRIATE</srai>,inappropriate.aiml
0,# HEADFUCK #,*,*,<srai>FILTER INAPPROPRIATE</srai>,inappropriate.aiml
0,# HEADLIGHTS #,*,*,<srai>FILTER INAPPROPRIATE</srai>,inappropriate.aiml
0,# HEHATEME #,*,*,<srai>FILTER INAPPROPRIATE</srai>,inappropriate.aiml
0,# HELL NO #,*,*,<srai>FILTER INAPPROPRIATE</srai>,inappropriate.aiml
0,# HELL YES #,*,*,<srai>FILTER INAPPROPRIATE</srai>,inappropriate.aiml
0,# HELLNO #,*,*,<srai>FILTER INAPPROPRIATE</srai>,inappropriate.aiml
0,# HELLYES #,*,*,<srai>FILTER INAPPROPRIATE</srai>,inappropriate.aiml
0,# HEN HOUSE #,*,*,<srai>FILTER INAPPROPRIATE</srai>,inappropriate.aiml
0,# HENHOUSE #,*,*,<srai>FILTER INAPPROPRIATE</srai>,inappropriate.aiml
0,# HERPES #,*,*,<srai>FILTER INAPPROPRIATE</srai>,inappropriate.aiml
0,# HERSHEY HI WAY #,*,*,<srai>FILTER INAPPROPRIATE</srai>,inappropriate.aiml
0,# HERSHEYHIGHWAY #,*,*,<srai>FILTER INAPPROPRIATE</srai>,inappropriate.aiml
0,# HERSHEYHIWAY #,*,*,<srai>FILTER INAPPROPRIATE</srai>,inappropriate.aiml
0,# HERSHY HIGH WAY #,*,*,<srai>FILTER INAPPROPRIATE</srai>,inappropriate.aiml
0,# HO MO #,*,*,<srai>FILTER INAPPROPRIATE</srai>,inappropriate.aiml
0,# HOBO #,*,*,<srai>FILTER INAPPROPRIATE</srai>,inappropriate.aiml
0,# HOLE #,*,*,<srai>FILTER INAPPROPRIATE</srai>,inappropriate.aiml
0,# HOLE STUFFER #,*,*,<srai>FILTER INAPPROPRIATE</srai>,inappropriate.aiml
0,# HOLESTUFFER #,*,*,<srai>FILTER INAPPROPRIATE</srai>,inappropriate.aiml
0,# HOMO #,*,*,<srai>FILTER INAPPROPRIATE</srai>,inappropriate.aiml
0,# HOMO BANGERS #,*,*,<srai>FILTER INAPPROPRIATE</srai>,inappropriate.aiml
0,# HOMO SEXUAL #,*,*,<srai>FILTER INAPPROPRIATE</srai>,inappropriate.aiml
0,# HOMOBANGERS #,*,*,<srai>FILTER INAPPROPRIATE</srai>,inappropriate.aiml
0,# HOMOSEXUAL #,*,*,<srai>FILTER INAPPROPRIATE</srai>,inappropriate.aiml
0,# HONKERS #,*,*,<srai>FILTER INAPPROPRIATE</srai>,inappropriate.aiml
0,# HONKEY #,*,*,<srai>FILTER INAPPROPRIATE</srai>,inappropriate.aiml
0,# HOOKER #,*,*,<srai>FILTER INAPPROPRIATE</srai>,inappropriate.aiml
0,# HOOKERS #,*,*,<srai>FILTER INAPPROPRIATE</srai>,inappropriate.aiml
0,# HOOTERS #,*,*,<srai>FILTER INAPPROPRIATE</srai>,inappropriate.aiml
0,# HORE #,*,*,<srai>FILTER INAPPROPRIATE</srai>,inappropriate.aiml
0,# HORNEY #,*,*,<srai>FILTER INAPPROPRIATE</srai>,inappropriate.aiml
0,# HORNY #,*,*,<srai>FILTER INAPPROPRIATE</srai>,inappropriate.aiml
0,# HORSESHIT #,*,*,<srai>FILTER INAPPROPRIATE</srai>,inappropriate.aiml
0,# HOSE JOB #,*,*,<srai>FILTER INAPPROPRIATE</srai>,inappropriate.aiml
0,# HOSEJOB #,*,*,<srai>FILTER INAPPROPRIATE</srai>,inappropriate.aiml
0,# HOSER #,*,*,<srai>FILTER INAPPROPRIATE</srai>,inappropriate.aiml
0,# HOSTAGE #,*,*,<srai>FILTER INAPPROPRIATE</srai>,inappropriate.aiml
0,# HOT DAMN #,*,*,<srai>FILTER INAPPROPRIATE</srai>,inappropriate.aiml
0,# HOT PUSSY #,*,*,<srai>FILTER INAPPROPRIATE</srai>,inappropriate.aiml
0,# HOT TO TROT #,*,*,<srai>FILTER INAPPROPRIATE</srai>,inappropriate.aiml
0,# HOT2TROT #,*,*,<srai>FILTER INAPPROPRIATE</srai>,inappropriate.aiml
0,# HOTDAMN #,*,*,<srai>FILTER INAPPROPRIATE</srai>,inappropriate.aiml
0,# HOTPUSSY #,*,*,<srai>FILTER INAPPROPRIATE</srai>,inappropriate.aiml
0,# HOTTOTROT #,*,*,<srai>FILTER INAPPROPRIATE</srai>,inappropriate.aiml
0,# HUSSY #,*,*,<srai>FILTER INAPPROPRIATE</srai>,inappropriate.aiml
0,# HUSTLER #,*,*,<srai>FILTER INAPPROPRIATE</srai>,inappropriate.aiml
0,# ID10T #,*,*,<srai>FILTER INAPPROPRIATE</srai>,inappropriate.aiml
0,# IDIOT #,*,*,<srai>FILTER INAPPROPRIATE</srai>,inappropriate.aiml
0,# IDOIT #,*,*,<srai>FILTER INAPPROPRIATE</srai>,inappropriate.aiml
0,# IN THE ASS #,*,*,<srai>FILTER INAPPROPRIATE</srai>,inappropriate.aiml
0,# IN THE BUFF #,*,*,<srai>FILTER INAPPROPRIATE</srai>,inappropriate.aiml
0,# INGIN #,*,*,<srai>FILTER INAPPROPRIATE</srai>,inappropriate.aiml
0,# INSEST #,*,*,<srai>FILTER INAPPROPRIATE</srai>,inappropriate.aiml
0,# INTER COURSE #,*,*,<srai>FILTER INAPPROPRIATE</srai>,inappropriate.aiml
0,# INTER RACIAL #,*,*,<srai>FILTER INAPPROPRIATE</srai>,inappropriate.aiml
0,# INTERCOURSE #,*,*,<srai>FILTER INAPPROPRIATE</srai>,inappropriate.aiml
0,# INTERRACIAL #,*,*,<srai>FILTER INAPPROPRIATE</srai>,inappropriate.aiml
0,# INTHEASS #,*,*,<srai>FILTER INAPPROPRIATE</srai>,inappropriate.aiml
0,# INTHEBUFF #,*,*,<srai>FILTER INAPPROPRIATE</srai>,inappropriate.aiml
0,# JACK THE RIPPER #,*,*,<srai>FILTER INAPPROPRIATE</srai>,inappropriate.aiml
0,# JACKASS #,*,*,<srai>FILTER INAPPROPRIATE</srai>,inappropriate.aiml
0,# JACKOFF #,*,*,<srai>FILTER INAPPROPRIATE</srai>,inappropriate.aiml
0,# JACKTHERIPPER #,*,*,<srai>FILTER INAPPROPRIATE</srai>,inappropriate.aiml
0,# JAP #,*,*,<srai>FILTER INAPPROPRIATE</srai>,inappropriate.aiml
0,# JAP CRAP #,*,*,<srai>FILTER INAPPROPRIATE</srai>,inappropriate.aiml
0,# JAPCRAP #,*,*,<srai>FILTER INAPPROPRIATE</srai>,inappropriate.aiml
0,# JERK OFF #,*,*,<srai>FILTER INAPPROPRIATE</srai>,inappropriate.aiml
0,# JERKOFF #,*,*,<srai>FILTER INAPPROPRIATE</srai>,inappropriate.aiml
0,# JESUS CHIRST #,*,*,<srai>FILTER INAPPROPRIATE</srai>,inappropriate.aiml
0,# JESUSCHRIST #,*,*,<srai>FILTER INAPPROPRIATE</srai>,inappropriate.aiml
0,# JISM #,*,*,<srai>FILTER INAPPROPRIATE</srai>,inappropriate.aiml
0,# JIZ #,*,*,<srai>FILTER INAPPROPRIATE</srai>,inappropriate.aiml
0,# JIZ JUICE #,*,*,<srai>FILTER INAPPROPRIATE</srai>,inappropriate.aiml
0,# JIZIM #,*,*,<srai>FILTER INAPPROPRIATE</srai>,inappropriate.aiml
0,# JIZJUICE #,*,*,<srai>FILTER INAPPROPRIATE</srai>,inappropriate.aiml
0,# JIZZ #,*,*,<srai>FILTER INAPPROPRIATE</srai>,inappropriate.aiml
0,# JIZZIM #,*,*,<srai>FILTER INAPPROPRIATE</srai>,inappropriate.aiml
0,# JOINT #,*,*,<srai>FILTER INAPPROPRIATE</srai>,inappropriate.aiml
0,# JUGGALO #,*,*,<srai>FILTER INAPPROPRIATE</srai>,inappropriate.aiml
0,# JUGS #,*,*,<srai>FILTER INAPPROPRIATE</srai>,inappropriate.aiml
0,# K MART #,*,*,<srai>FILTER INAPPROPRIATE</srai>,inappropriate.aiml
0,# KILL #,*,*,<srai>FILTER INAPPROPRIATE</srai>,inappropriate.aiml
0,# KILLER #,*,*,<srai>FILTER INAPPROPRIATE</srai>,inappropriate.aiml
0,# KILLING #,*,*,<srai>FILTER INAPPROPRIATE</srai>,inappropriate.aiml
0,# KISS ASS #,*,*,<srai>FILTER INAPPROPRIATE</srai>,inappropriate.aiml
0,# KISSASS #,*,*,<srai>FILTER INAPPROPRIATE</srai>,inappropriate.aiml
0,# KKK #,*,*,<srai>FILTER INAPPROPRIATE</srai>,inappropriate.aiml
0,# KMART #,*,*,<srai>FILTER INAPPROPRIATE</srai>,inappropriate.aiml
0,# KNOCKERS #,*,*,<srai>FILTER INAPPROPRIATE</srai>,inappropriate.aiml
0,# KOON #,*,*,<srai>FILTER INAPPROPRIATE</srai>,inappropriate.aiml
0,# KOTEX #,*,*,<srai>FILTER INAPPROPRIATE</srai>,inappropriate.aiml
0,# KRAP #,*,*,<srai>FILTER INAPPROPRIATE</srai>,inappropriate.aiml
0,# KRAPPY #,*,*,<srai>FILTER INAPPROPRIATE</srai>,inappropriate.aiml
0,# KUM #,*,*,<srai>FILTER INAPPROPRIATE</srai>,inappropriate.aiml
0,# KUM BUBBLE #,*,*,<srai>FILTER INAPPROPRIATE</srai>,inappropriate.aiml
0,# KUM QUAT #,*,*,<srai>FILTER INAPPROPRIATE</srai>,inappropriate.aiml
0,# KUMBUBBLE #,*,*,<srai>FILTER INAPPROPRIATE</srai>,inappropriate.aiml
0,# KUMBULLBE #,*,*,<srai>FILTER INAPPROPRIATE</srai>,inappropriate.aiml
0,# KUMQUAT #,*,*,<srai>FILTER INAPPROPRIATE</srai>,inappropriate.aiml
0,# KUNT #,*,*,<srai>FILTER INAPPROPRIATE</srai>,inappropriate.aiml
0,# KY #,*,*,<srai>FILTER INAPPROPRIATE</srai>,inappropriate.aiml
0,# KY JELLY #,*,*,<srai>FILTER INAPPROPRIATE</srai>,inappropriate.aiml
0,# LACTATE #,*,*,<srai>FILTER INAPPROPRIATE</srai>,inappropriate.aiml
0,# LADY BOOG #,*,*,<srai>FILTER INAPPROPRIATE</srai>,inappropriate.aiml
0,# LAID #,*,*,<srai>FILTER INAPPROPRIATE</srai>,inappropriate.aiml
0,# LAP DANCE #,*,*,<srai>FILTER INAPPROPRIATE</srai>,inappropriate.aiml
0,# LAPDANCE #,*,*,<srai>FILTER INAPPROPRIATE</srai>,inappropriate.aiml
0,# LESBAIN #,*,*,<srai>FILTER INAPPROPRIATE</srai>,inappropriate.aiml
0,# LESBAYN #,*,*,<srai>FILTER INAPPROPRIATE</srai>,inappropriate.aiml
0,# LESBIAN #,*,*,<srai>FILTER INAPPROPRIATE</srai>,inappropriate.aiml
0,# LESBIN #,*,*,<srai>FILTER INAPPROPRIATE</srai>,inappropriate.aiml
0,# LESBO #,*,*,<srai>FILTER INAPPROPRIATE</srai>,inappropriate.aiml
0,# LEZ #,*,*,<srai>FILTER INAPPROPRIATE</srai>,inappropriate.aiml
0,# LEZ BE #,*,*,<srai>FILTER INAPPROPRIATE</srai>,inappropriate.aiml
0,# LEZ BE FRIENDS #,*,*,<srai>FILTER INAPPROPRIATE</srai>,inappropriate.aiml
0,# LEZBE #,*,*,<srai>FILTER INAPPROPRIATE</srai>,inappropriate.aiml
0,# LEZBEFRIENDS #,*,*,<srai>FILTER INAPPROPRIATE</srai>,inappropriate.aiml
0,# LEZBO #,*,*,<srai>FILTER INAPPROPRIATE</srai>,inappropriate.aiml
0,# LEZZ #,*,*,<srai>FILTER INAPPROPRIATE</srai>,inappropriate.aiml
0,# LEZZO #,*,*,<srai>FILTER INAPPROPRIATE</srai>,inappropriate.aiml
0,# LICK ME #,*,*,<srai>FILTER INAPPROPRIATE</srai>,inappropriate.aiml
0,# LICKER #,*,*,<srai>FILTER INAPPROPRIATE</srai>,inappropriate.aiml
0,# LICKME #,*,*,<srai>FILTER INAPPROPRIATE</srai>,inappropriate.aiml
0,# LIMP DICK #,*,*,<srai>FILTER INAPPROPRIATE</srai>,inappropriate.aiml
0,# LIMPDICK #,*,*,<srai>FILTER INAPPROPRIATE</srai>,inappropriate.aiml
0,# LIMY #,*,*,<srai>FILTER INAPPROPRIATE</srai>,inappropriate.aiml
0,# LIVE SEX #,*,*,<srai>FILTER INAPPROPRIATE</srai>,inappropriate.aiml
0,# LIVESEX #,*,*,<srai>FILTER INAPPROPRIATE</srai>,inappropriate.aiml
0,# LOLITA #,*,*,<srai>FILTER INAPPROPRIATE</srai>,inappropriate.aiml
0,# LOOSER #,*,*,<srai>FILTER INAPPROPRIATE</srai>,inappropriate.aiml
0,# LOTION #,*,*,<srai>FILTER INAPPROPRIATE</srai>,inappropriate.aiml
0,# LOVE BONE #,*,*,<srai>FILTER INAPPROPRIATE</srai>,inappropriate.aiml
0,# LOVE GOO #,*,*,<srai>FILTER INAPPROPRIATE</srai>,inappropriate.aiml
0,# LOVE GUN #,*,*,<srai>FILTER INAPPROPRIATE</srai>,inappropriate.aiml
0,# LOVE JUICE #,*,*,<srai>FILTER INAPPROPRIATE</srai>,inappropriate.aiml
0,# LOVE MUSCLE #,*,*,<srai>FILTER INAPPROPRIATE</srai>,inappropriate.aiml
0,# LOVE PISTOL #,*,*,<srai>FILTER INAPPROPRIATE</srai>,inappropriate.aiml
0,# LOVE ROCKET #,*,*,<srai>FILTER INAPPROPRIATE</srai>,inappropriate.aiml
0,# LOVEBONE #,*,*,<srai>FILTER INAPPROPRIATE</srai>,inappropriate.aiml
0,# LOVEGOO #,*,*,<srai>FILTER INAPPROPRIATE</srai>,inappropriate.aiml
0,# LOVEGUN #,*,*,<srai>FILTER INAPPROPRIATE</srai>,inappropriate.aiml
0,# LOVEJUICE #,*,*,<srai>FILTER INAPPROPRIATE</srai>,inappropriate.aiml
0,# LOVEMUSCLE #,*,*,<srai>FILTER INAPPROPRIATE</srai>,inappropriate.aiml
0,# LOVEPISTOL #,*,*,<srai>FILTER INAPPROPRIATE</srai>,inappropriate.aiml
0,# LOVEROCKET #,*,*,<srai>FILTER INAPPROPRIATE</srai>,inappropriate.aiml
0,# LOW LIFE #,*,*,<srai>FILTER INAPPROPRIATE</srai>,inappropriate.aiml
0,# LOWLIFE #,*,*,<srai>FILTER INAPPROPRIATE</srai>,inappropriate.aiml
0,# LUBE JOB #,*,*,<srai>FILTER INAPPROPRIATE</srai>,inappropriate.aiml
0,# LUBEJOB #,*,*,<srai>FILTER INAPPROPRIATE</srai>,inappropriate.aiml
0,# LUCKY CAMEL TOE #,*,*,<srai>FILTER INAPPROPRIATE</srai>,inappropriate.aiml
0,# LUCKYCAMMELTOE #,*,*,<srai>FILTER INAPPROPRIATE</srai>,inappropriate.aiml
0,# MAMS #,*,*,<srai>FILTER INAPPROPRIATE</srai>,inappropriate.aiml
0,# MAN HATER #,*,*,<srai>FILTER INAPPROPRIATE</srai>,inappropriate.aiml
0,# MAN PASTE #,*,*,<srai>FILTER INAPPROPRIATE</srai>,inappropriate.aiml
0,# MANHATER #,*,*,<srai>FILTER INAPPROPRIATE</srai>,inappropriate.aiml
0,# MANPASTE #,*,*,<srai>FILTER INAPPROPRIATE</srai>,inappropriate.aiml
0,# MARY JANE #,*,*,<srai>FILTER INAPPROPRIATE</srai>,inappropriate.aiml
0,# MARYJANE #,*,*,<srai>FILTER INAPPROPRIATE</srai>,inappropriate.aiml
0,# MASTABATE #,*,*,<srai>FILTER INAPPROPRIATE</srai>,inappropriate.aiml
0,# MASTABATER #,*,*,<srai>FILTER INAPPROPRIATE</srai>,inappropriate.aiml
0,# MASTER BLASTER #,*,*,<srai>FILTER INAPPROPRIATE</srai>,inappropriate.aiml
0,# MASTERBATE #,*,*,<srai>FILTER INAPPROPRIATE</srai>,inappropriate.aiml
0,# MASTERBLASTER #,*,*,<srai>FILTER INAPPROPRIATE</srai>,inappropriate.aiml
0,# MASTRABATOR #,*,*,<srai>FILTER INAPPROPRIATE</srai>,inappropriate.aiml
0,# MATTRESS PRINCESS #,*,*,<srai>FILTER INAPPROPRIATE</srai>,inappropriate.aiml
0,# MATTRESSPRINCESS #,*,*,<srai>FILTER INAPPROPRIATE</srai>,inappropriate.aiml
0,# MEAT BEATTER #,*,*,<srai>FILTER INAPPROPRIATE</srai>,inappropriate.aiml
0,# MEATBEATTER #,*,*,<srai>FILTER INAPPROPRIATE</srai>,inappropriate.aiml
0,# MOLEST #,*,*,<srai>FILTER INAPPROPRIATE</srai>,inappropriate.aiml
0,# MOLESTER #,*,*,<srai>FILTER INAPPROPRIATE</srai>,inappropriate.aiml
0,# MOLESTOR #,*,*,<srai>FILTER INAPPROPRIATE</srai>,inappropriate.aiml
0,# MONEY SHOT #,*,*,<srai>FILTER INAPPROPRIATE</srai>,inappropriate.aiml
0,# MONEYSHOT #,*,*,<srai>FILTER INAPPROPRIATE</srai>,inappropriate.aiml
0,# MOTHER FUCKER #,*,*,<srai>FILTER INAPPROPRIATE</srai>,inappropriate.aiml
0,# MOTHER LOVE BONE #,*,*,<srai>FILTER INAPPROPRIATE</srai>,inappropriate.aiml
0,# MOTHERFUCK #,*,*,<srai>FILTER INAPPROPRIATE</srai>,inappropriate.aiml
0,# MOTHERFUCKER #,*,*,<srai>FILTER INAPPROPRIATE</srai>,inappropriate.aiml
0,# MOTHERLOVEBONE #,*,*,<srai>FILTER INAPPROPRIATE</srai>,inappropriate.aiml
0,# MUFF #,*,*,<srai>FILTER INAPPROPRIATE</srai>,inappropriate.aiml
0,# MUFF DIVE #,*,*,<srai>FILTER INAPPROPRIATE</srai>,inappropriate.aiml
0,# MUFF DIVER #,*,*,<srai>FILTER INAPPROPRIATE</srai>,inappropriate.aiml
0,# MUFF LICKER #,*,*,<srai>FILTER INAPPROPRIATE</srai>,inappropriate.aiml
0,# MUFFDIVE #,*,*,<srai>FILTER INAPPROPRIATE</srai>,inappropriate.aiml
0,# MUFFDIVER #,*,*,<srai>FILTER INAPPROPRIATE</srai>,inappropriate.aiml
0,# MUFFIN DIVER #,*,*,<srai>FILTER INAPPROPRIATE</srai>,inappropriate.aiml
0,# MUFFINDIVER #,*,*,<srai>FILTER INAPPROPRIATE</srai>,inappropriate.aiml
0,# MUFFLIKCER #,*,*,<srai>FILTER INAPPROPRIATE</srai>,inappropriate.aiml
0,# MURDER #,*,*,<srai>FILTER INAPPROPRIATE</srai>,inappropriate.aiml
0,# MUTHA FUCKER #,*,*,<srai>FILTER INAPPROPRIATE</srai>,inappropriate.aiml
0,# NAKED #,*,*,<srai>FILTER INAPPROPRIATE</srai>,inappropriate.aiml
0,# NASTY BITCH #,*,*,<srai>FILTER INAPPROPRIATE</srai>,inappropriate.aiml
0,# NASTY HO #,*,*,<srai>FILTER INAPPROPRIATE</srai>,inappropriate.aiml
0,# NASTY SLUT #,*,*,<srai>FILTER INAPPROPRIATE</srai>,inappropriate.aiml
0,# NASTY WHORE #,*,*,<srai>FILTER INAPPROPRIATE</srai>,inappropriate.aiml
0,# NASTYBITCH #,*,*,<srai>FILTER INAPPROPRIATE</srai>,inappropriate.aiml
0,# NASTYHO #,*,*,<srai>FILTER INAPPROPRIATE</srai>,inappropriate.aiml
0,# NASTYSLUT #,*,*,<srai>FILTER INAPPROPRIATE</srai>,inappropriate.aiml
0,# NASTYWHORE #,*,*,<srai>FILTER INAPPROPRIATE</srai>,inappropriate.aiml
0,# NEON DEON #,*,*,<srai>FILTER INAPPROPRIATE</srai>,inappropriate.aiml
0,# NIG #,*,*,<srai>FILTER INAPPROPRIATE</srai>,inappropriate.aiml
0,# NIGER #,*,*,<srai>FILTER INAPPROPRIATE</srai>,inappropriate.aiml
0,# NIGGA #,*,*,<srai>FILTER INAPPROPRIATE</srai>,inappropriate.aiml
0,# NIPPLE #,*,*,<srai>FILTER INAPPROPRIATE</srai>,inappropriate.aiml
0,# NIPPLE RING #,*,*,<srai>FILTER INAPPROPRIATE</srai>,inappropriate.aiml
0,# NIPPLERING #,*,*,<srai>FILTER INAPPROPRIATE</srai>,inappropriate.aiml
0,# NIT TIT #,*,*,<srai>FILTER INAPPROPRIATE</srai>,inappropriate.aiml
0,# NITTIT #,*,*,<srai>FILTER INAPPROPRIATE</srai>,inappropriate.aiml
0,# NO FUCKING WAY #,*,*,<srai>FILTER INAPPROPRIATE</srai>,inappropriate.aiml
0,# NO SEX #,*,*,<srai>FILTER INAPPROPRIATE</srai>,inappropriate.aiml
0,# NOFUCKINGWAY #,*,*,<srai>FILTER INAPPROPRIATE</srai>,inappropriate.aiml
0,# NOOKIE #,*,*,<srai>FILTER INAPPROPRIATE</srai>,inappropriate.aiml
0,# NOONER #,*,*,<srai>FILTER INAPPROPRIATE</srai>,inappropriate.aiml
0,# NUDE #,*,*,<srai>FILTER INAPPROPRIATE</srai>,inappropriate.aiml
0,# NUT FUCKER #,*,*,<srai>FILTER INAPPROPRIATE</srai>,inappropriate.aiml
0,# NUTFUCKER #,*,*,<srai>FILTER INAPPROPRIATE</srai>,inappropriate.aiml
0,# OICU812 #,*,*,<srai>FILTER INAPPROPRIATE</srai>,inappropriate.aiml
0,# ON THE RAG #,*,*,<srai>FILTER INAPPROPRIATE</srai>,inappropriate.aiml
0,# ONTHERAG #,*,*,<srai>FILTER INAPPROPRIATE</srai>,inappropriate.aiml
0,# ORGASM #,*,*,<srai>FILTER INAPPROPRIATE</srai>,inappropriate.aiml
0,# ORGY #,*,*,<srai>FILTER INAPPROPRIATE</srai>,inappropriate.aiml
0,# OU812 #,*,*,<srai>FILTER INAPPROPRIATE</srai>,inappropriate.aiml
0,# OUI #,*,*,<srai>FILTER INAPPROPRIATE</srai>,inappropriate.aiml
0,# P I M P #,*,*,<srai>FILTER INAPPROPRIATE</srai>,inappropriate.aiml
0,# PEARL NECKLACE #,*,*,<srai>FILTER INAPPROPRIATE</srai>,inappropriate.aiml
0,# PEARLNECKLACE #,*,*,<srai>FILTER INAPPROPRIATE</srai>,inappropriate.aiml
0,# PECKER #,*,*,<srai>FILTER INAPPROPRIATE</srai>,inappropriate.aiml
0,# PEE #,*,*,<srai>FILTER INAPPROPRIATE</srai>,inappropriate.aiml
0,# PEEP SHOW #,*,*,<srai>FILTER INAPPROPRIATE</srai>,inappropriate.aiml
0,# PEEPSHOW #,*,*,<srai>FILTER INAPPROPRIATE</srai>,inappropriate.aiml
0,# PEEPSHPW #,*,*,<srai>FILTER INAPPROPRIATE</srai>,inappropriate.aiml
0,# PENETRATION #,*,*,<srai>FILTER INAPPROPRIATE</srai>,inappropriate.aiml
0,# PENIS #,*,*,<srai>FILTER INAPPROPRIATE</srai>,inappropriate.aiml
0,# PENTHOUSE #,*,*,<srai>FILTER INAPPROPRIATE</srai>,inappropriate.aiml
0,# PERIOD #,*,*,<srai>FILTER INAPPROPRIATE</srai>,inappropriate.aiml
0,# PHQUE #,*,*,<srai>FILTER INAPPROPRIATE</srai>,inappropriate.aiml
0,# PIMP #,*,*,<srai>FILTER INAPPROPRIATE</srai>,inappropriate.aiml
0,# PIMP SIMP #,*,*,<srai>FILTER INAPPROPRIATE</srai>,inappropriate.aiml
0,# PIMPED #,*,*,<srai>FILTER INAPPROPRIATE</srai>,inappropriate.aiml
0,# PIMPER #,*,*,<srai>FILTER INAPPROPRIATE</srai>,inappropriate.aiml
0,# PIMPJUIC #,*,*,<srai>FILTER INAPPROPRIATE</srai>,inappropriate.aiml
0,# PIMPJUICE #,*,*,<srai>FILTER INAPPROPRIATE</srai>,inappropriate.aiml
0,# PIMPSIMP #,*,*,<srai>FILTER INAPPROPRIATE</srai>,inappropriate.aiml
0,# PISS #,*,*,<srai>FILTER INAPPROPRIATE</srai>,inappropriate.aiml
0,# PISS HEAD #,*,*,<srai>FILTER INAPPROPRIATE</srai>,inappropriate.aiml
0,# PISSED #,*,*,<srai>FILTER INAPPROPRIATE</srai>,inappropriate.aiml
0,# PISSER #,*,*,<srai>FILTER INAPPROPRIATE</srai>,inappropriate.aiml
0,# PISSHEAD #,*,*,<srai>FILTER INAPPROPRIATE</srai>,inappropriate.aiml
0,# PLAY BOY #,*,*,<srai>FILTER INAPPROPRIATE</srai>,inappropriate.aiml
0,# PLAY GIRL #,*,*,<srai>FILTER INAPPROPRIATE</srai>,inappropriate.aiml
0,# PLAYBOY #,*,*,<srai>FILTER INAPPROPRIATE</srai>,inappropriate.aiml
0,# PLAYGIRL #,*,*,<srai>FILTER INAPPROPRIATE</srai>,inappropriate.aiml
0,# POCKET POOL #,*,*,<srai>FILTER INAPPROPRIATE</srai>,inappropriate.aiml
0,# POCKETPOOL #,*,*,<srai>FILTER INAPPROPRIATE</srai>,inappropriate.aiml
0,# POLACK #,*,*,<srai>FILTER INAPPROPRIATE</srai>,inappropriate.aiml
0,# POON TANG #,*,*,<srai>FILTER INAPPROPRIATE</srai>,inappropriate.aiml
0,# POONTANG #,*,*,<srai>FILTER INAPPROPRIATE</srai>,inappropriate.aiml
0,# POOPER #,*,*,<srai>FILTER INAPPROPRIATE</srai>,inappropriate.aiml
0,# POOR WHITE TRASH #,*,*,<srai>FILTER INAPPROPRIATE</srai>,inappropriate.aiml
0,# POORWHITETRASH #,*,*,<srai>FILTER INAPPROPRIATE</srai>,inappropriate.aiml
0,# POPIMP #,*,*,<srai>FILTER INAPPROPRIATE</srai>,inappropriate.aiml
0,# PORCH MONKEY #,*,*,<srai>FILTER INAPPROPRIATE</srai>,inappropriate.aiml
0,# PORCHMONKEY #,*,*,<srai>FILTER INAPPROPRIATE</srai>,inappropriate.aiml
0,# PORN #,*,*,<srai>FILTER INAPPROPRIATE</srai>,inappropriate.aiml
0,# PORN FLICK #,*,*,<srai>FILTER INAPPROPRIATE</srai>,inappropriate.aiml
0,# PORN KING #,*,*,<srai>FILTER INAPPROPRIATE</srai>,inappropriate.aiml
0,# PORN PRINCESS #,*,*,<srai>FILTER INAPPROPRIATE</srai>,inappropriate.aiml
0,# PORNFLICK #,*,*,<srai>FILTER INAPPROPRIATE</srai>,inappropriate.aiml
0,# PORNKING #,*,*,<srai>FILTER INAPPROPRIATE</srai>,inappropriate.aiml
0,# PORNO #,*,*,<srai>FILTER INAPPROPRIATE</srai>,inappropriate.aiml
0,# PORNPRINCESS #,*,*,<srai>FILTER INAPPROPRIATE</srai>,inappropriate.aiml
0,# PREMATURE #,*,*,<srai>FILTER INAPPROPRIATE</srai>,inappropriate.aiml
0,# PRICK #,*,*,<srai>FILTER INAPPROPRIATE</srai>,inappropriate.aiml
0,# PRICK HEAD #,*,*,<srai>FILTER INAPPROPRIATE</srai>,inappropriate.aiml
0,# PRICKHEAD #,*,*,<srai>FILTER INAPPROPRIATE</srai>,inappropriate.aiml
0,# PRIMETIME #,*,*,<srai>FILTER INAPPROPRIATE</srai>,inappropriate.aiml
0,# PROSTITUTE #,*,*,<srai>FILTER INAPPROPRIATE</srai>,inappropriate.aiml
0,# PUBIC #,*,*,<srai>FILTER INAPPROPRIATE</srai>,inappropriate.aiml
0,# PUBIC LICE #,*,*,<srai>FILTER INAPPROPRIATE</srai>,inappropriate.aiml
0,# PUBICLICE #,*,*,<srai>FILTER INAPPROPRIATE</srai>,inappropriate.aiml
0,# PUD #,*,*,<srai>FILTER INAPPROPRIATE</srai>,inappropriate.aiml
0,# PUD BOY #,*,*,<srai>FILTER INAPPROPRIATE</srai>,inappropriate.aiml
0,# PUDBOY #,*,*,<srai>FILTER INAPPROPRIATE</srai>,inappropriate.aiml
0,# PUDD #,*,*,<srai>FILTER INAPPROPRIATE</srai>,inappropriate.aiml
0,# PUDD BOY #,*,*,<srai>FILTER INAPPROPRIATE</srai>,inappropriate.aiml
0,# PUDDBOY #,*,*,<srai>FILTER INAPPROPRIATE</srai>,inappropriate.aiml
0,# PUN TANG #,*,*,<srai>FILTER INAPPROPRIATE</srai>,inappropriate.aiml
0,# PUNTANG #,*,*,<srai>FILTER INAPPROPRIATE</srai>,inappropriate.aiml
0,# PURINA PRINCESS #,*,*,<srai>FILTER INAPPROPRIATE</srai>,inappropriate.aiml
0,# PURINAPRICNESS #,*,*,<srai>FILTER INAPPROPRIATE</srai>,inappropriate.aiml
0,# PUSSY #,*,*,<srai>FILTER INAPPROPRIATE</srai>,inappropriate.aiml
0,# PUSSY CAT #,*,*,<srai>FILTER INAPPROPRIATE</srai>,inappropriate.aiml
0,# PUSSY EATER #,*,*,<srai>FILTER INAPPROPRIATE</srai>,inappropriate.aiml
0,# PUSSY FUCKER #,*,*,<srai>FILTER INAPPROPRIATE</srai>,inappropriate.aiml
0,# PUSSY LICKER #,*,*,<srai>FILTER INAPPROPRIATE</srai>,inappropriate.aiml
0,# PUSSY LIPS #,*,*,<srai>FILTER INAPPROPRIATE</srai>,inappropriate.aiml
0,# PUSSY LOVER #,*,*,<srai>FILTER INAPPROPRIATE</srai>,inappropriate.aiml
0,# PUSSY POUNDER #,*,*,<srai>FILTER INAPPROPRIATE</srai>,inappropriate.aiml
0,# PUSSYCAT #,*,*,<srai>FILTER INAPPROPRIATE</srai>,inappropriate.aiml
0,# PUSSYEATER #,*,*,<srai>FILTER INAPPROPRIATE</srai>,inappropriate.aiml
0,# PUSSYFUCKER #,*,*,<srai>FILTER INAPPROPRIATE</srai>,inappropriate.aiml
0,# PUSSYLICKER #,*,*,<srai>FILTER INAPPROPRIATE</srai>,inappropriate.aiml
0,# PUSSYLIPS #,*,*,<srai>FILTER INAPPROPRIATE</srai>,inappropriate.aiml
0,# PUSSYLOVER #,*,*,<srai>FILTER INAPPROPRIATE</srai>,inappropriate.aiml
0,# PUSSYPOUNDER #,*,*,<srai>FILTER INAPPROPRIATE</srai>,inappropriate.aiml
0,# PUTT PIRATE #,*,*,<srai>FILTER INAPPROPRIATE</srai>,inappropriate.aiml
0,# PWT #,*,*,<srai>FILTER INAPPROPRIATE</srai>,inappropriate.aiml
0,# QUEEF #,*,*,<srai>FILTER INAPPROPRIATE</srai>,inappropriate.aiml
0,# QUEER #,*,*,<srai>FILTER INAPPROPRIATE</srai>,inappropriate.aiml
0,# QUICKIE #,*,*,<srai>FILTER INAPPROPRIATE</srai>,inappropriate.aiml
0,# RAE CARRUTH #,*,*,<srai>FILTER INAPPROPRIATE</srai>,inappropriate.aiml
0,# RAPE #,*,*,<srai>FILTER INAPPROPRIATE</srai>,inappropriate.aiml
0,# RAPIST #,*,*,<srai>FILTER INAPPROPRIATE</srai>,inappropriate.aiml
0,# REAR END #,*,*,<srai>FILTER INAPPROPRIATE</srai>,inappropriate.aiml
0,# REAR ENTRY #,*,*,<srai>FILTER INAPPROPRIATE</srai>,inappropriate.aiml
0,# REAREND #,*,*,<srai>FILTER INAPPROPRIATE</srai>,inappropriate.aiml
0,# REARENTRY #,*,*,<srai>FILTER INAPPROPRIATE</srai>,inappropriate.aiml
0,# RECTUM #,*,*,<srai>FILTER INAPPROPRIATE</srai>,inappropriate.aiml
0,# RED LIGHT #,*,*,<srai>FILTER INAPPROPRIATE</srai>,inappropriate.aiml
0,# REDLIGHT #,*,*,<srai>FILTER INAPPROPRIATE</srai>,inappropriate.aiml
0,# REEFER #,*,*,<srai>FILTER INAPPROPRIATE</srai>,inappropriate.aiml
0,# RENT A FUCK #,*,*,<srai>FILTER INAPPROPRIATE</srai>,inappropriate.aiml
0,# RENTAFUCK #,*,*,<srai>FILTER INAPPROPRIATE</srai>,inappropriate.aiml
0,# RETARD #,*,*,<srai>FILTER INAPPROPRIATE</srai>,inappropriate.aiml
0,# RETARDED #,*,*,<srai>FILTER INAPPROPRIATE</srai>,inappropriate.aiml
0,# RIBBED #,*,*,<srai>FILTER INAPPROPRIATE</srai>,inappropriate.aiml
0,# RIM JOB #,*,*,<srai>FILTER INAPPROPRIATE</srai>,inappropriate.aiml
0,# RIMJOB #,*,*,<srai>FILTER INAPPROPRIATE</srai>,inappropriate.aiml
0,# ROACH #,*,*,<srai>FILTER INAPPROPRIATE</srai>,inappropriate.aiml
0,# ROBBER #,*,*,<srai>FILTER INAPPROPRIATE</srai>,inappropriate.aiml
0,# S AND M #,*,*,<srai>FILTER INAPPROPRIATE</srai>,inappropriate.aiml
0,# SAMCKDADDY #,*,*,<srai>FILTER INAPPROPRIATE</srai>,inappropriate.aiml
0,# SANDM #,*,*,<srai>FILTER INAPPROPRIATE</srai>,inappropriate.aiml
0,# SATAN #,*,*,<srai>FILTER INAPPROPRIATE</srai>,inappropriate.aiml
0,# SCHLONG #,*,*,<srai>FILTER INAPPROPRIATE</srai>,inappropriate.aiml
0,# SCREW #,*,*,<srai>FILTER INAPPROPRIATE</srai>,inappropriate.aiml
0,# SCREWYOU #,*,*,<srai>FILTER INAPPROPRIATE</srai>,inappropriate.aiml
0,# SCROTUM #,*,*,<srai>FILTER INAPPROPRIATE</srai>,inappropriate.aiml
0,# SEMEN #,*,*,<srai>FILTER INAPPROPRIATE</srai>,inappropriate.aiml
0,# SEX #,*,*,<srai>FILTER INAPPROPRIATE</srai>,inappropriate.aiml
0,# SEX FARM #,*,*,<srai>FILTER INAPPROPRIATE</srai>,inappropriate.aiml
0,# SEX HOUND #,*,*,<srai>FILTER INAPPROPRIATE</srai>,inappropriate.aiml
0,# SEX HOUSE #,*,*,<srai>FILTER INAPPROPRIATE</srai>,inappropriate.aiml
0,# SEX KITTEN #,*,*,<srai>FILTER INAPPROPRIATE</srai>,inappropriate.aiml
0,# SEX POT #,*,*,<srai>FILTER INAPPROPRIATE</srai>,inappropriate.aiml
0,# SEX SLAVE #,*,*,<srai>FILTER INAPPROPRIATE</srai>,inappropriate.aiml
0,# SEX TO GO #,*,*,<srai>FILTER INAPPROPRIATE</srai>,inappropriate.aiml
0,# SEX TOY #,*,*,<srai>FILTER INAPPROPRIATE</srai>,inappropriate.aiml
0,# SEX TOYS #,*,*,<srai>FILTER INAPPROPRIATE</srai>,inappropriate.aiml
0,# SEX WHORE #,*,*,<srai>FILTER INAPPROPRIATE</srai>,inappropriate.aiml
0,# SEXFARM #,*,*,<srai>FILTER INAPPROPRIATE</srai>,inappropriate.aiml
0,# SEXHOUND #,*,*,<srai>FILTER INAPPROPRIATE</srai>,inappropriate.aiml
0,# SEXHOUSE #,*,*,<srai>FILTER INAPPROPRIATE</srai>,inappropriate.aiml
0,# SEXKITTEN #,*,*,<srai>FILTER INAPPROPRIATE</srai>,inappropriate.aiml
0,# SEXPOT #,*,*,<srai>FILTER INAPPROPRIATE</srai>,inappropriate.aiml
0,# SEXSLAVE #,*,*,<srai>FILTER INAPPROPRIATE</srai>,inappropriate.aiml
0,# SEXTOGO #,*,*,<srai>FILTER INAPPROPRIATE</srai>,inappropriate.aiml
0,# SEXTOY #,*,*,<srai>FILTER INAPPROPRIATE</srai>,inappropriate.aiml
0,# SEXTOYS #,*,*,<srai>FILTER INAPPROPRIATE</srai>,inappropriate.aiml
0,# SEXUAL #,*,*,<srai>FILTER INAPPROPRIATE</srai>,inappropriate.aiml
0,# SEXWHORE #,*,*,<srai>FILTER INAPPROPRIATE</srai>,inappropriate.aiml
0,# SEXY #,*,*,<srai>FILTER INAPPROPRIATE</srai>,inappropriate.aiml
0,# SEXY BIATCH #,*,*,<srai>FILTER INAPPROPRIATE</srai>,inappropriate.aiml
0,# SEXY BITCH #,*,*,<srai>FILTER INAPPROPRIATE</srai>,inappropriate.aiml
0,# SEXY MOMA #,*,*,<srai>FILTER INAPPROPRIATE</srai>,inappropriate.aiml
0,# SEXY SLIM #,*,*,<srai>FILTER INAPPROPRIATE</srai>,inappropriate.aiml
0,# SEXYMOMA #,*,*,<srai>FILTER INAPPROPRIATE</srai>,inappropriate.aiml
0,# SEXY-SLIM #,*,*,<srai>FILTER INAPPROPRIATE</srai>,inappropriate.aiml
0,# SHAG #,*,*,<srai>FILTER INAPPROPRIATE</srai>,inappropriate.aiml
0,# SHAGGIN #,*,*,<srai>FILTER INAPPROPRIATE</srai>,inappropriate.aiml
0,# SHAGGING #,*,*,<srai>FILTER INAPPROPRIATE</srai>,inappropriate.aiml
0,# SHAWTYPIMP #,*,*,<srai>FILTER INAPPROPRIATE</srai>,inappropriate.aiml
0,# SHIT DICK #,*,*,<srai>FILTER INAPPROPRIATE</srai>,inappropriate.aiml
0,# SHIT EATER #,*,*,<srai>FILTER INAPPROPRIATE</srai>,inappropriate.aiml
0,# SHIT FACE #,*,*,<srai>FILTER INAPPROPRIATE</srai>,inappropriate.aiml
0,# SHIT FOR BRAINS #,*,*,<srai>FILTER INAPPROPRIATE</srai>,inappropriate.aiml
0,# SHIT FUCK #,*,*,<srai>FILTER INAPPROPRIATE</srai>,inappropriate.aiml
0,# SHIT FUCKER #,*,*,<srai>FILTER INAPPROPRIATE</srai>,inappropriate.aiml
0,# SHIT HAPPENS #,*,*,<srai>FILTER INAPPROPRIATE</srai>,inappropriate.aiml
0,# SHIT HEAD #,*,*,<srai>FILTER INAPPROPRIATE</srai>,inappropriate.aiml
0,# SHIT OUT OF LUCK #,*,*,<srai>FILTER INAPPROPRIATE</srai>,inappropriate.aiml
0,# SHIT STAIN #,*,*,<srai>FILTER INAPPROPRIATE</srai>,inappropriate.aiml
0,# SHIT4BRAINS #,*,*,<srai>FILTER INAPPROPRIATE</srai>,inappropriate.aiml
0,# SHITDICK #,*,*,<srai>FILTER INAPPROPRIATE</srai>,inappropriate.aiml
0,# SHITEATER #,*,*,<srai>FILTER INAPPROPRIATE</srai>,inappropriate.aiml
0,# SHITFACE #,*,*,<srai>FILTER INAPPROPRIATE</srai>,inappropriate.aiml
0,# SHITFORBRAINS #,*,*,<srai>FILTER INAPPROPRIATE</srai>,inappropriate.aiml
0,# SHITFUCK #,*,*,<srai>FILTER INAPPROPRIATE</srai>,inappropriate.aiml
0,# SHITFUCKER #,*,*,<srai>FILTER INAPPROPRIATE</srai>,inappropriate.aiml
0,# SHITHAPENS #,*,*,<srai>FILTER INAPPROPRIATE</srai>,inappropriate.aiml
0,# SHITHAPPENS #,*,*,<srai>FILTER INAPPROPRIATE</srai>,inappropriate.aiml
0,# SHITHEAD #,*,*,<srai>FILTER INAPPROPRIATE</srai>,inappropriate.aiml
0,# SHITOUTOFLUCK #,*,*,<srai>FILTER INAPPROPRIATE</srai>,inappropriate.aiml
0,# SHITS #,*,*,<srai>FILTER INAPPROPRIATE</srai>,inappropriate.aiml
0,# SHITSTAIN #,*,*,<srai>FILTER INAPPROPRIATE</srai>,inappropriate.aiml
0,# SHITTER #,*,*,<srai>FILTER INAPPROPRIATE</srai>,inappropriate.aiml
0,# SHITTING #,*,*,<srai>FILTER INAPPROPRIATE</srai>,inappropriate.aiml
0,# SHITTY #,*,*,<srai>FILTER INAPPROPRIATE</srai>,inappropriate.aiml
0,# SHORT FUCK #,*,*,<srai>FILTER INAPPROPRIATE</srai>,inappropriate.aiml
0,# SHORTFUCK #,*,*,<srai>FILTER INAPPROPRIATE</srai>,inappropriate.aiml
0,# SHOWTIME #,*,*,<srai>FILTER INAPPROPRIATE</srai>,inappropriate.aiml
0,# SIX SIX SIX #,*,*,<srai>FILTER INAPPROPRIATE</srai>,inappropriate.aiml
0,# SIXSIXSIX #,*,*,<srai>FILTER INAPPROPRIATE</srai>,inappropriate.aiml
0,# SIXTY 9 #,*,*,<srai>FILTER INAPPROPRIATE</srai>,inappropriate.aiml
0,# SIXTY NINE #,*,*,<srai>FILTER INAPPROPRIATE</srai>,inappropriate.aiml
0,# SIXTY9 #,*,*,<srai>FILTER INAPPROPRIATE</srai>,inappropriate.aiml
0,# SIXTYNINE #,*,*,<srai>FILTER INAPPROPRIATE</srai>,inappropriate.aiml
0,# SKANK #,*,*,<srai>FILTER INAPPROPRIATE</srai>,inappropriate.aiml
0,# SKANK BITCH #,*,*,<srai>FILTER INAPPROPRIATE</srai>,inappropriate.aiml
0,# SKANK FUCK #,*,*,<srai>FILTER INAPPROPRIATE</srai>,inappropriate.aiml
0,# SKANK WHORE #,*,*,<srai>FILTER INAPPROPRIATE</srai>,inappropriate.aiml
0,# SKANKBITCH #,*,*,<srai>FILTER INAPPROPRIATE</srai>,inappropriate.aiml
0,# SKANKFUCK #,*,*,<srai>FILTER INAPPROPRIATE</srai>,inappropriate.aiml
0,# SKANKWHORE #,*,*,<srai>FILTER INAPPROPRIATE</srai>,inappropriate.aiml
0,# SKANKY BITCH #,*,*,<srai>FILTER INAPPROPRIATE</srai>,inappropriate.aiml
0,# SKANKY WHORE #,*,*,<srai>FILTER INAPPROPRIATE</srai>,inappropriate.aiml
0,# SKANKYBITCH #,*,*,<srai>FILTER INAPPROPRIATE</srai>,inappropriate.aiml
0,# SKANKYWHORE #,*,*,<srai>FILTER INAPPROPRIATE</srai>,inappropriate.aiml
0,# SKIN FLUTE #,*,*,<srai>FILTER INAPPROPRIATE</srai>,inappropriate.aiml
0,# SKINFLUTE #,*,*,<srai>FILTER INAPPROPRIATE</srai>,inappropriate.aiml
0,# SKUM #,*,*,<srai>FILTER INAPPROPRIATE</srai>,inappropriate.aiml
0,# SKUM BAG #,*,*,<srai>FILTER INAPPROPRIATE</srai>,inappropriate.aiml
0,# SKUMBAG #,*,*,<srai>FILTER INAPPROPRIATE</srai>,inappropriate.aiml
0,# SLANT #,*,*,<srai>FILTER INAPPROPRIATE</srai>,inappropriate.aiml
0,# SLANT EYE #,*,*,<srai>FILTER INAPPROPRIATE</srai>,inappropriate.aiml
0,# SLANTEYE #,*,*,<srai>FILTER INAPPROPRIATE</srai>,inappropriate.aiml
0,# SLAVE #,*,*,<srai>FILTER INAPPROPRIATE</srai>,inappropriate.aiml
0,# SLAVE DRIVER #,*,*,<srai>FILTER INAPPROPRIATE</srai>,inappropriate.aiml
0,# SLAVEDRIVER #,*,*,<srai>FILTER INAPPROPRIATE</srai>,inappropriate.aiml
0,# SLEEZE BAG #,*,*,<srai>FILTER INAPPROPRIATE</srai>,inappropriate.aiml
0,# SLEEZE BALL #,*,*,<srai>FILTER INAPPROPRIATE</srai>,inappropriate.aiml
0,# SLEEZEBAG #,*,*,<srai>FILTER INAPPROPRIATE</srai>,inappropriate.aiml
0,# SLEEZEBALL #,*,*,<srai>FILTER INAPPROPRIATE</srai>,inappropriate.aiml
0,# SLIDE IT IN #,*,*,<srai>FILTER INAPPROPRIATE</srai>,inappropriate.aiml
0,# SLIDEITIN #,*,*,<srai>FILTER INAPPROPRIATE</srai>,inappropriate.aiml
0,# SLIME #,*,*,<srai>FILTER INAPPROPRIATE</srai>,inappropriate.aiml
0,# SLIME BALL #,*,*,<srai>FILTER INAPPROPRIATE</srai>,inappropriate.aiml
0,# SLIME BUCKET #,*,*,<srai>FILTER INAPPROPRIATE</srai>,inappropriate.aiml
0,# SLIMEBALL #,*,*,<srai>FILTER INAPPROPRIATE</srai>,inappropriate.aiml
0,# SLIMEBUCKET #,*,*,<srai>FILTER INAPPROPRIATE</srai>,inappropriate.aiml
0,# SLUT #,*,*,<srai>FILTER INAPPROPRIATE</srai>,inappropriate.aiml
0,# SLUT WEAR #,*,*,<srai>FILTER INAPPROPRIATE</srai>,inappropriate.aiml
0,# SLUT WHORE #,*,*,<srai>FILTER INAPPROPRIATE</srai>,inappropriate.aiml
0,# SLUTS #,*,*,<srai>FILTER INAPPROPRIATE</srai>,inappropriate.aiml
0,# SLUTT #,*,*,<srai>FILTER INAPPROPRIATE</srai>,inappropriate.aiml
0,# SLUTTING #,*,*,<srai>FILTER INAPPROPRIATE</srai>,inappropriate.aiml
0,# SLUTTY #,*,*,<srai>FILTER INAPPROPRIATE</srai>,inappropriate.aiml
0,# SLUTWEAR #,*,*,<srai>FILTER INAPPROPRIATE</srai>,inappropriate.aiml
0,# SLUTWHORE #,*,*,<srai>FILTER INAPPROPRIATE</srai>,inappropriate.aiml
0,# SMACK DADDY #,*,*,<srai>FILTER INAPPROPRIATE</srai>,inappropriate.aiml
0,# SMACK THE MONKEY #,*,*,<srai>FILTER INAPPROPRIATE</srai>,inappropriate.aiml
0,# SMACKTHEMONKEY #,*,*,<srai>FILTER INAPPROPRIATE</srai>,inappropriate.aiml
0,# SMAGMA #,*,*,<srai>FILTER INAPPROPRIATE</srai>,inappropriate.aiml
0,# SMART ASS #,*,*,<srai>FILTER INAPPROPRIATE</srai>,inappropriate.aiml
0,# SNATCH #,*,*,<srai>FILTER INAPPROPRIATE</srai>,inappropriate.aiml
0,# SNATCH PATCH #,*,*,<srai>FILTER INAPPROPRIATE</srai>,inappropriate.aiml
0,# SNATCHPATCH #,*,*,<srai>FILTER INAPPROPRIATE</srai>,inappropriate.aiml
0,# SNIPER #,*,*,<srai>FILTER INAPPROPRIATE</srai>,inappropriate.aiml
0,# SNOT #,*,*,<srai>FILTER INAPPROPRIATE</srai>,inappropriate.aiml
0,# SODOMITE #,*,*,<srai>FILTER INAPPROPRIATE</srai>,inappropriate.aiml
0,# SODOMY #,*,*,<srai>FILTER INAPPROPRIATE</srai>,inappropriate.aiml
0,# SON OF A BITCH #,*,*,<srai>FILTER INAPPROPRIATE</srai>,inappropriate.aiml
0,# SONOFABITCH #,*,*,<srai>FILTER INAPPROPRIATE</srai>,inappropriate.aiml
0,# SONOFBITCH #,*,*,<srai>FILTER INAPPROPRIATE</srai>,inappropriate.aiml
0,# SPANK THE MONKEY #,*,*,<srai>FILTER INAPPROPRIATE</srai>,inappropriate.aiml
0,# SPANKTHEMONKEY #,*,*,<srai>FILTER INAPPROPRIATE</srai>,inappropriate.aiml
0,# SPERM #,*,*,<srai>FILTER INAPPROPRIATE</srai>,inappropriate.aiml
0,# SPERM BAG #,*,*,<srai>FILTER INAPPROPRIATE</srai>,inappropriate.aiml
0,# SPERM HEARDER #,*,*,<srai>FILTER INAPPROPRIATE</srai>,inappropriate.aiml
0,# SPERM HERDER #,*,*,<srai>FILTER INAPPROPRIATE</srai>,inappropriate.aiml
0,# SPERMACIDE #,*,*,<srai>FILTER INAPPROPRIATE</srai>,inappropriate.aiml
0,# SPERMBAG #,*,*,<srai>FILTER INAPPROPRIATE</srai>,inappropriate.aiml
0,# SPERMHEARDER #,*,*,<srai>FILTER INAPPROPRIATE</srai>,inappropriate.aiml
0,# SPERMHERDER #,*,*,<srai>FILTER INAPPROPRIATE</srai>,inappropriate.aiml
0,# SPIC #,*,*,<srai>FILTER INAPPROPRIATE</srai>,inappropriate.aiml
0,# SPICK #,*,*,<srai>FILTER INAPPROPRIATE</srai>,inappropriate.aiml
0,# SPIT #,*,*,<srai>FILTER INAPPROPRIATE</srai>,inappropriate.aiml
0,# SPITTER #,*,*,<srai>FILTER INAPPROPRIATE</srai>,inappropriate.aiml
0,# SPLIT TAIL #,*,*,<srai>FILTER INAPPROPRIATE</srai>,inappropriate.aiml
0,# SPLIT TIAL #,*,*,<srai>FILTER INAPPROPRIATE</srai>,inappropriate.aiml
0,# SPLITTAIL #,*,*,<srai>FILTER INAPPROPRIATE</srai>,inappropriate.aiml
0,# STAGG #,*,*,<srai>FILTER INAPPROPRIATE</srai>,inappropriate.aiml
0,# STRAP ON #,*,*,<srai>FILTER INAPPROPRIATE</srai>,inappropriate.aiml
0,# STRAPON #,*,*,<srai>FILTER INAPPROPRIATE</srai>,inappropriate.aiml
0,# STRINGER #,*,*,<srai>FILTER INAPPROPRIATE</srai>,inappropriate.aiml
0,# STRIP CLUB #,*,*,<srai>FILTER INAPPROPRIATE</srai>,inappropriate.aiml
0,# STRIPCLUB #,*,*,<srai>FILTER INAPPROPRIATE</srai>,inappropriate.aiml
0,# STROKE #,*,*,<srai>FILTER INAPPROPRIATE</srai>,inappropriate.aiml
0,# STROKING #,*,*,<srai>FILTER INAPPROPRIATE</srai>,inappropriate.aiml
0,# STUPID #,*,*,<srai>FILTER INAPPROPRIATE</srai>,inappropriate.aiml
0,# STUPID FUCK #,*,*,<srai>FILTER INAPPROPRIATE</srai>,inappropriate.aiml
0,# STUPID FUCKER #,*,*,<srai>FILTER INAPPROPRIATE</srai>,inappropriate.aiml
0,# STUPIDFUCK #,*,*,<srai>FILTER INAPPROPRIATE</srai>,inappropriate.aiml
0,# STUPIDFUCKER #,*,*,<srai>FILTER INAPPROPRIATE</srai>,inappropriate.aiml
0,# SUCK #,*,*,<srai>FILTER INAPPROPRIATE</srai>,inappropriate.aiml
0,# SUCK DICK #,*,*,<srai>FILTER INAPPROPRIATE</srai>,inappropriate.aiml
0,# SUCK ME #,*,*,<srai>FILTER INAPPROPRIATE</srai>,inappropriate.aiml
0,# SUCK MY ASS #,*,*,<srai>FILTER INAPPROPRIATE</srai>,inappropriate.aiml
0,# SUCK MY DICK #,*,*,<srai>FILTER INAPPROPRIATE</srai>,inappropriate.aiml
0,# SUCK MY TIT #,*,*,<srai>FILTER INAPPROPRIATE</srai>,inappropriate.aiml
0,# SUCK OFF #,*,*,<srai>FILTER INAPPROPRIATE</srai>,inappropriate.aiml
0,# SUCKDICK #,*,*,<srai>FILTER INAPPROPRIATE</srai>,inappropriate.aiml
0,# SUCKER #,*,*,<srai>FILTER INAPPROPRIATE</srai>,inappropriate.aiml
0,# SUCKME #,*,*,<srai>FILTER INAPPROPRIATE</srai>,inappropriate.aiml
0,# SUCKMYASS #,*,*,<srai>FILTER INAPPROPRIATE</srai>,inappropriate.aiml
0,# SUCKMYDICK #,*,*,<srai>FILTER INAPPROPRIATE</srai>,inappropriate.aiml
0,# SUCKMYTIT #,*,*,<srai>FILTER INAPPROPRIATE</srai>,inappropriate.aiml
0,# SUCKOFF #,*,*,<srai>FILTER INAPPROPRIATE</srai>,inappropriate.aiml
0,# SUICIDE #,*,*,<srai>FILTER INAPPROPRIATE</srai>,inappropriate.aiml
0,# SWIGN DIXX #,*,*,<srai>FILTER INAPPROPRIATE</srai>,inappropriate.aiml
0,# SWING DIXX #,*,*,<srai>FILTER INAPPROPRIATE</srai>,inappropriate.aiml
0,# SWINGIN DIXX #,*,*,<srai>FILTER INAPPROPRIATE</srai>,inappropriate.aiml
0,# SWINGING DICKS #,*,*,<srai>FILTER INAPPROPRIATE</srai>,inappropriate.aiml
0,# SYPHILIS #,*,*,<srai>FILTER INAPPROPRIATE</srai>,inappropriate.aiml
0,# TAMPON #,*,*,<srai>FILTER INAPPROPRIATE</srai>,inappropriate.aiml
0,# TESTICLE #,*,*,<srai>FILTER INAPPROPRIATE</srai>,inappropriate.aiml
0,# TESTICLES #,*,*,<srai>FILTER INAPPROPRIATE</srai>,inappropriate.aiml
0,# THIRD EYE #,*,*,<srai>FILTER INAPPROPRIATE</srai>,inappropriate.aiml
0,# THIRD LEG #,*,*,<srai>FILTER INAPPROPRIATE</srai>,inappropriate.aiml
0,# THIRDEYE #,*,*,<srai>FILTER INAPPROPRIATE</srai>,inappropriate.aiml
0,# THIRDLEG #,*,*,<srai>FILTER INAPPROPRIATE</srai>,inappropriate.aiml
0,# THREE SOME #,*,*,<srai>FILTER INAPPROPRIATE</srai>,inappropriate.aiml
0,# THREESOME #,*,*,<srai>FILTER INAPPROPRIATE</srai>,inappropriate.aiml
0,# TIT #,*,*,<srai>FILTER INAPPROPRIATE</srai>,inappropriate.aiml
0,# TIT BIT NIPPLY #,*,*,<srai>FILTER INAPPROPRIATE</srai>,inappropriate.aiml
0,# TIT FUCK #,*,*,<srai>FILTER INAPPROPRIATE</srai>,inappropriate.aiml
0,# TIT FUCKER #,*,*,<srai>FILTER INAPPROPRIATE</srai>,inappropriate.aiml
0,# TIT FUCKIN #,*,*,<srai>FILTER INAPPROPRIATE</srai>,inappropriate.aiml
0,# TIT JOB #,*,*,<srai>FILTER INAPPROPRIATE</srai>,inappropriate.aiml
0,# TIT LICKER #,*,*,<srai>FILTER INAPPROPRIATE</srai>,inappropriate.aiml
0,# TIT LOVER #,*,*,<srai>FILTER INAPPROPRIATE</srai>,inappropriate.aiml
0,# TITBITNIPPLY #,*,*,<srai>FILTER INAPPROPRIATE</srai>,inappropriate.aiml
0,# TITFUCK #,*,*,<srai>FILTER INAPPROPRIATE</srai>,inappropriate.aiml
0,# TITFUCKER #,*,*,<srai>FILTER INAPPROPRIATE</srai>,inappropriate.aiml
0,# TITFUCKIN #,*,*,<srai>FILTER INAPPROPRIATE</srai>,inappropriate.aiml
0,# TITJOB #,*,*,<srai>FILTER INAPPROPRIATE</srai>,inappropriate.aiml
0,# TITLICKER #,*,*,<srai>FILTER INAPPROPRIATE</srai>,inappropriate.aiml
0,# TITLOVER #,*,*,<srai>FILTER INAPPROPRIATE</srai>,inappropriate.aiml
0,# TITS #,*,*,<srai>FILTER INAPPROPRIATE</srai>,inappropriate.aiml
0,# TITTIES #,*,*,<srai>FILTER INAPPROPRIATE</srai>,inappropriate.aiml
0,# TITTY #,*,*,<srai>FILTER INAPPROPRIATE</srai>,inappropriate.aiml
0,# TONGETHRUSTER #,*,*,<srai>FILTER INAPPROPRIATE</srai>,inappropriate.aiml
0,# TONGUE #,*,*,<srai>FILTER INAPPROPRIATE</srai>,inappropriate.aiml
0,# TONGUE THRUSTER #,*,*,<srai>FILTER INAPPROPRIATE</srai>,inappropriate.aiml
0,# TONGUE TRAMP #,*,*,<srai>FILTER INAPPROPRIATE</srai>,inappropriate.aiml
0,# TONGUETHRUST #,*,*,<srai>FILTER INAPPROPRIATE</srai>,inappropriate.aiml
0,# TONGUETRAMP #,*,*,<srai>FILTER INAPPROPRIATE</srai>,inappropriate.aiml
0,# TOUNG THRUSTER #,*,*,<srai>FILTER INAPPROPRIATE</srai>,inappropriate.aiml
0,# TOUNGE BALLER #,*,*,<srai>FILTER INAPPROPRIATE</srai>,inappropriate.aiml
0,# TOUNGE THRUST #,*,*,<srai>FILTER INAPPROPRIATE</srai>,inappropriate.aiml
0,# TRAILER TRASH #,*,*,<srai>FILTER INAPPROPRIATE</srai>,inappropriate.aiml
0,# TRAILERTRASH #,*,*,<srai>FILTER INAPPROPRIATE</srai>,inappropriate.aiml
0,# TRAMP #,*,*,<srai>FILTER INAPPROPRIATE</srai>,inappropriate.aiml
0,# TRI SEXUAL #,*,*,<srai>FILTER INAPPROPRIATE</srai>,inappropriate.aiml
0,# TRIPLE X #,*,*,<srai>FILTER INAPPROPRIATE</srai>,inappropriate.aiml
0,# TRIPLEX #,*,*,<srai>FILTER INAPPROPRIATE</srai>,inappropriate.aiml
0,# TRISEXUAL #,*,*,<srai>FILTER INAPPROPRIATE</srai>,inappropriate.aiml
0,# TROJAN #,*,*,<srai>FILTER INAPPROPRIATE</srai>,inappropriate.aiml
0,# TROTS #,*,*,<srai>FILTER INAPPROPRIATE</srai>,inappropriate.aiml
0,# TUNNEL OF LOVE #,*,*,<srai>FILTER INAPPROPRIATE</srai>,inappropriate.aiml
0,# TUNNELOFLOVE #,*,*,<srai>FILTER INAPPROPRIATE</srai>,inappropriate.aiml
0,# TURD #,*,*,<srai>FILTER INAPPROPRIATE</srai>,inappropriate.aiml
0,# TWO BIT WHORE #,*,*,<srai>FILTER INAPPROPRIATE</srai>,inappropriate.aiml
0,# TWO ON ONE #,*,*,<srai>FILTER INAPPROPRIATE</srai>,inappropriate.aiml
0,# TWOBITWHORE #,*,*,<srai>FILTER INAPPROPRIATE</srai>,inappropriate.aiml
0,# UNFUCKABLE #,*,*,<srai>FILTER INAPPROPRIATE</srai>,inappropriate.aiml
0,# UP THE ASS #,*,*,<srai>FILTER INAPPROPRIATE</srai>,inappropriate.aiml
0,# UP THE BUTT #,*,*,<srai>FILTER INAPPROPRIATE</srai>,inappropriate.aiml
0,# UPSKIRT #,*,*,<srai>FILTER INAPPROPRIATE</srai>,inappropriate.aiml
0,# UPTHEASS #,*,*,<srai>FILTER INAPPROPRIATE</srai>,inappropriate.aiml
0,# UPTHEBUTT #,*,*,<srai>FILTER INAPPROPRIATE</srai>,inappropriate.aiml
0,# URINATE #,*,*,<srai>FILTER INAPPROPRIATE</srai>,inappropriate.aiml
0,# URINE #,*,*,<srai>FILTER INAPPROPRIATE</srai>,inappropriate.aiml
0,# UTERUS #,*,*,<srai>FILTER INAPPROPRIATE</srai>,inappropriate.aiml
0,# VAGINA #,*,*,<srai>FILTER INAPPROPRIATE</srai>,inappropriate.aiml
0,# VAGINAL #,*,*,<srai>FILTER INAPPROPRIATE</srai>,inappropriate.aiml
0,# VD #,*,*,<srai>FILTER INAPPROPRIATE</srai>,inappropriate.aiml
0,# VIBRATER #,*,*,<srai>FILTER INAPPROPRIATE</srai>,inappropriate.aiml
0,# VIBRATOR #,*,*,<srai>FILTER INAPPROPRIATE</srai>,inappropriate.aiml
0,# VIRGIN #,*,*,<srai>FILTER INAPPROPRIATE</srai>,inappropriate.aiml
0,# VIRGIN BREAKER #,*,*,<srai>FILTER INAPPROPRIATE</srai>,inappropriate.aiml
0,# VIRGINBREAKER #,*,*,<srai>FILTER INAPPROPRIATE</srai>,inappropriate.aiml
0,# VULVA #,*,*,<srai>FILTER INAPPROPRIATE</srai>,inappropriate.aiml
0,# WAYSTED #,*,*,<srai>FILTER INAPPROPRIATE</srai>,inappropriate.aiml
0,# WEENIE #,*,*,<srai>FILTER INAPPROPRIATE</srai>,inappropriate.aiml
0,# WET SPOT #,*,*,<srai>FILTER INAPPROPRIATE</srai>,inappropriate.aiml
0,# WETSPOT #,*,*,<srai>FILTER INAPPROPRIATE</srai>,inappropriate.aiml
0,# WHACKER #,*,*,<srai>FILTER INAPPROPRIATE</srai>,inappropriate.aiml
0,# WHISKEY DICK #,*,*,<srai>FILTER INAPPROPRIATE</srai>,inappropriate.aiml
0,# WHISKEYDICK #,*,*,<srai>FILTER INAPPROPRIATE</srai>,inappropriate.aiml
0,# WHISKY DICK #,*,*,<srai>FILTER INAPPROPRIATE</srai>,inappropriate.aiml
0,# WHISKYDICK #,*,*,<srai>FILTER INAPPROPRIATE</srai>,inappropriate.aiml
0,# WHITE TRASH #,*,*,<srai>FILTER INAPPROPRIATE</srai>,inappropriate.aiml
0,# WHITETRASH #,*,*,<srai>FILTER INAPPROPRIATE</srai>,inappropriate.aiml
0,# WHORE #,*,*,<srai>FILTER INAPPROPRIATE</srai>,inappropriate.aiml
0,# WHORE FUCKER #,*,*,<srai>FILTER INAPPROPRIATE</srai>,inappropriate.aiml
0,# WHORE HOUSE #,*,*,<srai>FILTER INAPPROPRIATE</srai>,inappropriate.aiml
0,# WHOREFUCKER #,*,*,<srai>FILTER INAPPROPRIATE</srai>,inappropriate.aiml
0,# WHOREHOUSE #,*,*,<srai>FILTER INAPPROPRIATE</srai>,inappropriate.aiml
0,# WIGGER #,*,*,<srai>FILTER INAPPROPRIATE</srai>,inappropriate.aiml
0,# WANKER #,*,*,<srai>FILTER INAPPROPRIATE</srai>,inappropriate.aiml
0,# WILLIE WANKER #,*,*,<srai>FILTER INAPPROPRIATE</srai>,inappropriate.aiml
0,# WILLIEWANKER #,*,*,<srai>FILTER INAPPROPRIATE</srai>,inappropriate.aiml
0,# WUUTANG #,*,*,<srai>FILTER INAPPROPRIATE</srai>,inappropriate.aiml
0,# XXX #,*,*,<srai>FILTER INAPPROPRIATE</srai>,inappropriate.aiml
0,# YELLOW MAN #,*,*,<srai>FILTER INAPPROPRIATE</srai>,inappropriate.aiml
0,# YELLOWMAN #,*,*,<srai>FILTER INAPPROPRIATE</srai>,inappropriate.aiml
