0,WHAT DO YOU KNOW ABOUT *,*,*,<sraix service="pannous">WHAT IS <star/></sraix>,sraix.aiml
0,DISCONNECT,*,*,<sraix service="pannous">DISCONNECT</sraix>,sraix.aiml
0,RELEASE,*,*,<sraix service="pannous">RELEASE</sraix>,sraix.aiml
0,HOW MUCH IS *,*,*,<think>#Newline<set var="formula"><srai>MATHFORMULA <star/></srai></set>#Newline</think>#Newline<condition var="formula">#Newline<li value="NOT A MATH FORMULA"><sraix service="pannous">HOW MUCH IS <star/></sraix></li>#Newline<li>#Newline<condition name="jsenabled">#Newline<li value="true"><javascript><get var="formula"/></javascript></li>#Newline<li><sraix service="pannous">HOW MUCH IS <star/></sraix></li>#Newline</condition>#Newline</li>#Newline</condition>,sraix.aiml
0,WHAT IS <SET>ARTICLE</SET> *,*,*,<think><set var="wndef"><srai>DEFINE <star index="2"/></srai></set></think>#Newline<condition var="wndef">#Newline<li value="unknown"><sraix service="pannous">WHAT IS <star/> <star index="2"/></sraix></li>#Newline<li><get var="wndef"/></li>#Newline</condition>,sraix.aiml
0,WHAT IS *,*,*,<think>#Newline<set var="formula"><srai>MATHFORMULA <star/></srai></set>#Newline</think>#Newline<condition var="formula">#Newline<li value="NOT A MATH FORMULA">#Newline<think><set var="wndef"><srai>DEFINE <star/></srai></set></think>#Newline<condition var="wndef">#Newline<li value="unknown"><sraix service="pannous">WHAT IS <star/></sraix></li>#Newline<li><get var="wndef"/></li>#Newline</condition>#Newline</li>#Newline<li>#Newline<condition name="jsenabled">#Newline<li value="true"><javascript><get var="formula"/></javascript></li>#Newline<li><sraix service="pannous">WHAT IS <star/></sraix></li>#Newline</condition>#Newline</li>#Newline</condition>,sraix.aiml
0,SCHEDULEDESCRIPTION * SCHEDULEREQUEST *,*,*,<think><set name="sraix"><sraix default="SCHEDULEFAILED" hint="event" service="pannous"><star index="2"/></sraix></set></think>#Newline<condition name="sraix">#Newline<li value="SCHEDULEFAILED">I'm unable to schedule that event from this device.</li>#Newline<li>I'll put that event on your calendar.#Newline<oob><schedule><title><star/></title><description><lowercase><star index="2"/></lowercase></description><get name="sraix"/></schedule></oob></li>#Newline</condition>,sraix.aiml
0,ALARMMESSAGE * ALARMREQUEST *,*,*,<think><set name="sraix"><sraix default="ALARMFAILED" hint="event" service="pannous"><star index="2"/></sraix></set></think>#Newline<condition name="sraix">#Newline<li value="ALARMFAILED">I'm unable to set an alarm on this device.</li>#Newline<li>I'll <lowercase><person><star index="2"/></person></lowercase>.#Newline<oob><alarm><message><star/></message><get name="sraix"/></alarm></oob></li>#Newline</condition>,sraix.aiml
0,DO *,*,*,<sraix service="pannous">DO <star/></sraix>,sraix.aiml
0,DO THE *,*,*,<sraix service="pannous">DO THE <star/></sraix>,sraix.aiml
0,DO YOU KNOW HOW TO MAKE *,*,*,<sraix service="pannous">HOW DO YOU MAKE <star/></sraix>,sraix.aiml
0,ARE *,*,*,<sraix service="pannous">ARE <star/></sraix>,sraix.aiml
0,ARE THERE ANY *,*,*,<sraix service="pannous">ARE THERE ANY <star/></sraix>,sraix.aiml
0,ARE THERE *,*,*,<sraix service="pannous">ARE THERE <star/></sraix>,sraix.aiml
0,ARE THERE ALIENS,*,*,<sraix service="pannous">ARE THERE ALIENS</sraix>,sraix.aiml
0,ARE ALIENS REAL,*,*,<sraix service="pannous">ARE ALIENS REAL</sraix>,sraix.aiml
0,TELL ME ABOUT *,*,*,<sraix service="pannous">WHAT IS <star/></sraix>,sraix.aiml
0,SHOW ME THE NEWS,*,*,<sraix service="pannous">WHAT IS THE LATEST NEWS</sraix>,sraix.aiml
0,SHOW ME THE FLAG OF *,*,*,<sraix service="pannous">SHOW ME THE FLAG OF <star/></sraix>,sraix.aiml
0,I WANT TO *,*,*,<sraix service="pannous">HOW DO I <star/></sraix>,sraix.aiml
0,I WANT TO LEARN HOW *,*,*,<sraix service="pannous">HOW <star/></sraix>,sraix.aiml
0,RECIPE FOR *,*,*,<sraix service="pannous">RECIPE FOR <star/></sraix>,sraix.aiml
0,TRANSLATE *,*,*,<sraix service="pannous">TRANSLATE <star/></sraix>,sraix.aiml
0,MAKE AN APPOINTMENT *,*,*,<srai>SCHEDULEDESCRIPTION <star/> SCHEDULEREQUEST MAKE AN APPOINTMENT <star/></srai>,sraix.aiml
0,MAKE ME * APPOINTMENT *,*,*,<srai>SCHEDULEDESCRIPTION <star/> APPOINTMENT SCHEDULEREQUEST MAKE ME <star/> APPOINTMENT <star index="2"/></srai>,sraix.aiml
0,MAKE A * APPOINTMENT *,*,*,<srai>SCHEDULEDESCRIPTION <star/> APPOINTMENT SCHEDULEREQUEST MAKE A <star/> APPOINTMENT <star index="2"/></srai>,sraix.aiml
0,SET AN APPOINTMENT *,*,*,<srai>SCHEDULEDESCRIPTION <star/> SCHEDULEREQUEST SET AN APPOINTMENT <star/></srai>,sraix.aiml
0,REMIND ME <SET>PREPOSITION</SET> *,*,*,<srai>SCHEDULEDESCRIPTION <star index="2"/> SCHEDULEREQUEST REMIND ME <star/> <star index="2"/></srai>,sraix.aiml
0,REMIND ME *,*,*,<srai>SCHEDULEDESCRIPTION <star/> SCHEDULEREQUEST REMIND ME <star/></srai>,sraix.aiml
0,REMIND ME TO GET *,*,*,<srai>SCHEDULEDESCRIPTION <star/> SCHEDULEREQUEST REMIND ME TO GET <star/></srai>,sraix.aiml
0,REMIND ME TO CALL *,*,*,<srai>SCHEDULEDESCRIPTION <star/> SCHEDULEREQUEST REMIND ME TO CALL <star/></srai>,sraix.aiml
0,REMIND ME TO TAKE *,*,*,<srai>SCHEDULEDESCRIPTION <star/> SCHEDULEREQUEST REMIND ME TO TAKE <star/></srai>,sraix.aiml
0,REMIND ME TO PICK UP *,*,*,<srai>SCHEDULEDESCRIPTION <star/> SCHEDULEREQUEST REMIND ME TO PICK UP <star/></srai>,sraix.aiml
0,REMIND ME TO GO TO *,*,*,<srai>SCHEDULEDESCRIPTION <star/> SCHEDULEREQUEST REMIND ME TO GO TO <star/></srai>,sraix.aiml
0,REMIND ME TO GO TO THE *,*,*,<srai>SCHEDULEDESCRIPTION <star/> SCHEDULEREQUEST REMIND ME TO GO TO THE <star/></srai>,sraix.aiml
0,REMIND ME TO GO *,*,*,<srai>SCHEDULEDESCRIPTION <star/> SCHEDULEREQUEST REMIND ME TO GO <star/></srai>,sraix.aiml
0,REMIND ME TO *,*,*,<srai>SCHEDULEDESCRIPTION <star/> SCHEDULEREQUEST REMIND ME TO <star/></srai>,sraix.aiml
0,REMIND ME TO WAKE UP AT *,*,*,<srai>ALARMMESSAGE Wake up ALARMREQUEST REMIND ME TO WAKE UP AT </srai>,sraix.aiml
0,REMIND ME TO WAKE UP AT * TOMORROW,*,*,<srai>ALARMMESSAGE Wake up ALARMREQUEST REMIND ME TO WAKE UP AT <star/> TOMORROW</srai>,sraix.aiml
0,REMIND ME TO WAKE UP TOMORROW,*,*,<srai>ALARMMESSAGE Wake up ALARMREQUEST REMIND ME TO WAKE UP TOMORROW</srai>,sraix.aiml
0,REMIND ME TOMORROW AT * TO WAKE UP,*,*,<srai>ALARMMESSAGE Wake up ALARMREQUEST REMIND ME TOMORROW AT <star/> TO WAKE UP</srai>,sraix.aiml
0,REMIND ME TOMORROW *,*,*,<srai>SCHEDULEDESCRIPTION <star/> SCHEDULEREQUEST REMIND ME TOMORROW <star/></srai>,sraix.aiml
0,SEARCH ON *,*,*,<sraix service="pannous">SEARCH ON <star/></sraix>,sraix.aiml
0,SEARCH WEATHER PORTLAND MAINE,*,*,<sraix service="pannous">SEARCH WEATHER PORTLAND MAINE</sraix>,sraix.aiml
0,SEARCH THE *,*,*,<sraix service="pannous">SEARCH THE <star/></sraix>,sraix.aiml
0,WHATS THE CAPITAL OF *,*,*,<sraix service="pannous">WHATS THE CAPITAL OF <star/></sraix>,sraix.aiml
0,GENDERNAME <SET>NAME</SET>,*,*,<map><name>gendername</name><star/></map>,sraix.aiml
0,GENDERNAME *,*,*,unknown,sraix.aiml
0,WAS *,*,*,<sraix service="pannous">WAS <star/></sraix>,sraix.aiml
0,SHOULD I BUY *,*,*,<sraix service="pannous">SHOULD I BUY <star/></sraix>,sraix.aiml
0,APPOINTMENT *,*,*,<srai>SCHEDULEDESCRIPTION <star/> SCHEDULEREQUEST APPOINTMENT <star/></srai>,sraix.aiml
0,HISTORY *,*,*,<sraix service="pannous">HISTORY <star/></sraix>,sraix.aiml
0,WHERE ARE *,*,*,<sraix service="pannous">WHERE ARE <star/></sraix>,sraix.aiml
0,WHERE TO *,*,*,<sraix service="pannous">WHERE TO <star/></sraix>,sraix.aiml
0,WHERE *,*,*,<sraix service="pannous">WHERE <star/></sraix>,sraix.aiml
0,WHERE IS GOD,*,*,<sraix service="pannous">WHERE IS GOD</sraix>,sraix.aiml
0,WHERE IS WALDO,*,*,<sraix service="pannous">WHERE IS WALDO</sraix>,sraix.aiml
0,WHERE IS THE *,*,*,<sraix service="pannous">WHERE IS THE <star/></sraix>,sraix.aiml
0,WHERE IS THE BEST *,*,*,<sraix service="pannous">WHERE IS THE BEST <star/></sraix>,sraix.aiml
0,WHERE DOES *,*,*,<sraix service="pannous">WHERE DOES <star/></sraix>,sraix.aiml
0,WHERE WAS *,*,*,<sraix service="pannous">WHERE WAS <star/></sraix>,sraix.aiml
0,WHERE DO BABIES COME FROM,*,*,<sraix service="pannous">WHERE DO BABIES COME FROM</sraix>,sraix.aiml
0,WHERE DO *,*,*,<sraix service="pannous">WHERE DO <star/></sraix>,sraix.aiml
0,WHERE DO COWS GO FOR FUN,*,*,<sraix service="pannous">WHERE DO COWS GO FOR FUN</sraix>,sraix.aiml
0,WHERE DID *,*,*,<sraix service="pannous">WHERE DID <star/></sraix>,sraix.aiml
0,WHERE CAN I BUY *,*,*,<random>#Newline<li>Let's look on Amazon.</li>#Newline<li>Online shopping is good.</li>#Newline<li>I'm looking at online shopping sites.</li>#Newline<li>I assume you mean online?</li>#Newline</random>#Newline<sraix hint="shopping" service="pannous">WHERE CAN I BUY <star/></sraix>,sraix.aiml
0,WHERE CAN I HIDE A BODY,*,*,<sraix service="pannous">WHERE CAN I HIDE A BODY</sraix>,sraix.aiml
0,WHERE CAN I HIDE A DEAD BODY,*,*,<sraix service="pannous">WHERE CAN I HIDE A DEAD BODY</sraix>,sraix.aiml
0,WHERE CAN I *,*,*,<sraix service="pannous">WHERE CAN I <star/></sraix>,sraix.aiml
0,WHERE CAN I BURY A BODY,*,*,<sraix service="pannous">WHERE CAN I BURY A BODY</sraix>,sraix.aiml
0,WHERE CAN I DOWNLOAD *,*,*,<sraix service="pannous">WHERE CAN I DOWNLOAD <star/></sraix>,sraix.aiml
0,WEATHER FORECAST,*,*,<sraix service="pannous">WEATHER FORECAST</sraix>,sraix.aiml
0,WEATHER FOR SACRAMENTO,*,*,<sraix service="pannous">WEATHER FOR SACRAMENTO</sraix>,sraix.aiml
0,WEATHER IN *,*,*,<sraix service="pannous">WEATHER IN <star/></sraix>,sraix.aiml
0,WEATHER *,*,*,<sraix service="pannous">WHAT IS THE WEATHER <star/></sraix>,sraix.aiml
0,CAN A *,*,*,<sraix service="pannous">CAN A <star/></sraix>,sraix.aiml
0,CAN *,*,*,<sraix service="pannous">CAN <star/></sraix>,sraix.aiml
0,CAN THE *,*,*,<sraix service="pannous">CAN THE <star/></sraix>,sraix.aiml
0,CAN COMPUTERS *,*,*,<sraix service="pannous">CAN COMPUTERS <star/></sraix>,sraix.aiml
0,CAN I HAVE A RECIPE FOR *,*,*,<sraix service="pannous">WHAT IS A RECIPIE FOR <star/></sraix>,sraix.aiml
0,GAS *,*,*,<sraix service="pannous">WHAT IS GAS <star/></sraix>,sraix.aiml
0,IS GOD REAL,*,*,<sraix service="pannous">IS GOD REAL</sraix>,sraix.aiml
0,IS *,*,*,<sraix service="pannous">IS <star/></sraix>,sraix.aiml
0,IS THE WEATHER *,*,*,<sraix service="pannous">IS THE WEATHER <star/></sraix>,sraix.aiml
0,IS <SET>ARTICLE</SET> *,*,*,<sraix service="pannous">IS <star/> <star index="2"/></sraix>,sraix.aiml
0,IS THERE ANY *,*,*,<sraix service="pannous">IS THERE ANY <star/></sraix>,sraix.aiml
0,IS THERE A *,*,*,<sraix service="pannous">IS THERE A <star/></sraix>,sraix.aiml
0,IS THERE *,*,*,<sraix service="pannous">IS THERE <star/></sraix>,sraix.aiml
0,WHICH COUNTRY *,*,*,<sraix service="pannous">WHICH COUNTRY <star/></sraix>,sraix.aiml
0,WHICH *,*,*,<sraix service="pannous">WHICH <star/></sraix>,sraix.aiml
0,WHICH IS THE *,*,*,<sraix service="pannous">WHICH IS THE <star/></sraix>,sraix.aiml
0,DOES GOD EXIST,*,*,<sraix service="pannous">DOES GOD EXIST</sraix>,sraix.aiml
0,DOES A *,*,*,<sraix service="pannous">DOES A <star/></sraix>,sraix.aiml
0,DOES *,*,*,<sraix service="pannous">DOES <star/></sraix>,sraix.aiml
0,DOES THE *,*,*,<sraix service="pannous">DOES THE <star/></sraix>,sraix.aiml
0,GIVE ME THE *,*,*,<sraix service="pannous">SEARCH <star/></sraix>,sraix.aiml
0,WHY ARE *,*,*,<sraix service="pannous">WHY ARE <star/></sraix>,sraix.aiml
0,WHY ARE PEOPLE *,*,*,<sraix service="pannous">WHY ARE PEOPLE <star/></sraix>,sraix.aiml
0,WHY *,*,*,<sraix service="pannous">WHY <star/></sraix>,sraix.aiml
0,WHY IS MY *,*,*,<sraix service="pannous">WHY IS MY <star/></sraix>,sraix.aiml
0,WHY IS *,*,*,<sraix service="pannous">WHY IS <star/></sraix>,sraix.aiml
0,WHY IS THE SKY BLUE,*,*,<sraix service="pannous">WHY IS THE SKY BLUE</sraix>,sraix.aiml
0,WHY IS THE *,*,*,<sraix service="pannous">WHY IS THE <star/></sraix>,sraix.aiml
0,WHY IS THERE A *,*,*,<sraix service="pannous">WHY IS THERE A <star/></sraix>,sraix.aiml
0,WHY IS THERE *,*,*,<sraix service="pannous">WHY IS THERE <star/></sraix>,sraix.aiml
0,WHY DOES *,*,*,<sraix service="pannous">WHY DOES <star/></sraix>,sraix.aiml
0,WHY DO THEY *,*,*,<sraix service="pannous">WHY DO THEY <star/></sraix>,sraix.aiml
0,WHY DO *,*,*,<sraix service="pannous">WHY DO <star/></sraix>,sraix.aiml
0,WHY DO PEOPLE *,*,*,<sraix service="pannous">WHY DO PEOPLE <star/></sraix>,sraix.aiml
0,WHY CAN NOT *,*,*,<sraix service="pannous">WHY CAN NOT <star/></sraix>,sraix.aiml
0,WHY AM I *,*,*,<sraix service="pannous">WHY AM I <star/></sraix>,sraix.aiml
0,WHY AM I SO *,*,*,<sraix service="pannous">WHY AM I SO <star/></sraix>,sraix.aiml
0,WHO PLAYED *,*,*,<sraix service="pannous">WHO PLAYED <star/></sraix>,sraix.aiml
0,WHO HAS *,*,*,<sraix service="pannous">WHO HAS <star/></sraix>,sraix.aiml
0,WHO HAS THE *,*,*,<sraix service="pannous">WHO HAS THE <star/></sraix>,sraix.aiml
0,WHO ARE *,*,*,<sraix service="pannous">WHO ARE <star/></sraix>,sraix.aiml
0,WHO ARE THE *,*,*,<sraix service="pannous">WHO ARE THE <star/></sraix>,sraix.aiml
0,WHO MADE *,*,*,<sraix service="pannous">WHO MADE <star/></sraix>,sraix.aiml
0,WHO WON THE *,*,*,<sraix service="pannous">WHO WON THE <star/></sraix>,sraix.aiml
0,WHO WILL WIN THE *,*,*,<sraix service="pannous">WHO WILL WIN THE <star/></sraix>,sraix.aiml
0,WHO *,*,*,<sraix service="pannous">WHO <star/></sraix>,sraix.aiml
0,WHO MAKES *,*,*,<sraix service="pannous">WHO MAKES <star/></sraix>,sraix.aiml
0,WHO IS STEVEN SEAGAL,*,*,<sraix service="pannous">WHO IS STEVEN SEAGAL</sraix>,sraix.aiml
0,WHO IS STEVEN *,*,*,<sraix service="pannous">WHO IS STEVEN <star/></sraix>,sraix.aiml
0,WHO IS DOCTOR *,*,*,<sraix service="pannous">WHO IS DOCTOR <star/></sraix>,sraix.aiml
0,WHO IS DOCTOR WALLACE,*,*,<sraix service="pannous">WHO IS DOCTOR WALLACE</sraix>,sraix.aiml
0,WHO IS A *,*,*,<sraix service="pannous">WHO IS A <star/></sraix>,sraix.aiml
0,WHO IS OBAMA,*,*,<sraix service="pannous">WHO IS OBAMA</sraix>,sraix.aiml
0,WHO IS BARACK OBAMA,*,*,<sraix service="pannous">WHO IS BARACK OBAMA</sraix>,sraix.aiml
0,WHO IS THE SMARTEST *,*,*,<sraix service="pannous">WHO IS THE SMARTEST <star/></sraix>,sraix.aiml
0,WHO IS THE PRIME MINISTER OF *,*,*,<sraix service="pannous">WHO IS THE CURRENT PRIME MINISTER OF <star/></sraix>,sraix.aiml
0,WHO IS THE PRIME MINISTER OF MALAYSIA,*,*,<sraix service="pannous">WHO IS THE CURRENT PRIME MINISTER OF MALAYSIA</sraix>,sraix.aiml
0,WHO IS THE PRESIDENT OF *,*,*,<sraix service="pannous">WHO IS THE CURRENT PRESIDENT OF <star/></sraix>,sraix.aiml
0,WHO IS THE PRESIDENT OF THE *,*,*,<sraix service="pannous">WHO IS THE CURRENT PRESIDENT OF THE <star/></sraix>,sraix.aiml
0,WHO IS THE PRESIDENT OF THE UNITED STATES,*,*,<sraix service="pannous">WHO IS THE CURRENT PRESIDENT OF THE UNITED STATES</sraix>,sraix.aiml
0,WHO IS THE PRESIDENT OF THE UNITED STATES OF AMERICA,*,*,<sraix service="pannous">WHO IS THE CURRENT PRESIDENT OF THE UNITED STATES OF AMERICA</sraix>,sraix.aiml
0,WHO IS THE PRESIDENT OF UNITED STATES,*,*,<sraix service="pannous">WHO IS THE CURRENT PRESIDENT OF UNITED STATES</sraix>,sraix.aiml
0,WHO IS THE PRESIDENT OF AMERICA,*,*,<sraix service="pannous">WHO IS THE CURRENT PRESIDENT OF AMERICA</sraix>,sraix.aiml
0,WHO IS <SET>ARTICLE</SET> *,*,*,<sraix service="pannous">WHO IS <star/> <star index="2"/></sraix>,sraix.aiml
0,WHO IS THE FRENCH PRESIDENT,*,*,<sraix service="pannous">WHO IS THE CURRENT PRESIDENT OF FRANCE</sraix>,sraix.aiml
0,WHO IS THE LEAD SINGER OF *,*,*,<sraix service="pannous">WHO IS THE LEAD SINGER OF <star/></sraix>,sraix.aiml
0,WHO IS THE CURRENT *,*,*,<sraix service="pannous">WHO IS THE CURRENT <star/></sraix>,sraix.aiml
0,WHO IS THE GREATEST *,*,*,<sraix service="pannous">WHO IS THE GREATEST <star/></sraix>,sraix.aiml
0,WHO IS THE MOST *,*,*,<sraix service="pannous">WHO IS THE MOST <star/></sraix>,sraix.aiml
0,WHO IS TONY *,*,*,<sraix service="pannous">WHO IS TONY <star/></sraix>,sraix.aiml
0,WHO IS SUPERMAN,*,*,<sraix service="pannous">WHO IS SUPERMAN</sraix>,sraix.aiml
0,WHO IS ROBERT *,*,*,<sraix service="pannous">WHO IS ROBERT <star/></sraix>,sraix.aiml
0,WHO IS STEVE JOBS,*,*,<sraix service="pannous">WHO IS STEVE JOBS</sraix>,sraix.aiml
0,WHO IS CHUCK NORRIS,*,*,<sraix service="pannous">WHO IS CHUCK NORRIS</sraix>,sraix.aiml
0,WHO IS BILL GATES,*,*,<sraix service="pannous">WHO IS BILL GATES</sraix>,sraix.aiml
0,WHO IS MICHAEL JACKSON,*,*,<sraix service="pannous">WHO IS MICHAEL JACKSON</sraix>,sraix.aiml
0,WHO IS MICHAEL JORDAN,*,*,<sraix service="pannous">WHO IS MICHAEL JORDAN</sraix>,sraix.aiml
0,WHO IS MICHAEL *,*,*,<sraix service="pannous">WHO IS MICHAEL <star/></sraix>,sraix.aiml
0,WHO IS JUSTIN BIEBER,*,*,<sraix service="pannous">WHO IS JUSTIN BIEBER</sraix>,sraix.aiml
0,WHO IS CHRIS *,*,*,<sraix service="pannous">WHO IS CHRIS <star/></sraix>,sraix.aiml
0,WHO IS MOUSEBREAKER,*,*,<sraix service="pannous">WHO IS MOUSEBREAKER</sraix>,sraix.aiml
0,WHO IS GOD,*,*,<sraix service="pannous">WHO IS GOD</sraix>,sraix.aiml
0,WHO IS IN *,*,*,<sraix service="pannous">WHO IS IN <star/></sraix>,sraix.aiml
0,WHO IS IN THE *,*,*,<sraix service="pannous">WHO IS IN THE <star/></sraix>,sraix.aiml
0,WHO IS *,*,*,<think><set var="name"><star/></set></think>#Newline<condition var="name">#Newline<li><value><get name="name"/></value>You are <star/>.</li>#Newline<li><value><normalize><bot name="name"/></normalize></value>I am <star/>.</li>#Newline<li><value><first><normalize><bot name="name"/></normalize></first></value>I am <star/>.</li>#Newline<li><sraix service="pannous">WHO IS <star/></sraix></li>#Newline</condition>,sraix.aiml
0,WHO IS SHAKESPEARE,*,*,<sraix service="pannous">WHO IS SHAKESPEARE</sraix>,sraix.aiml
0,WHO IS SPOCK,*,*,<sraix service="pannous">WHO IS SPOCK</sraix>,sraix.aiml
0,WHO IS JESUS CHRIST,*,*,<sraix service="pannous">WHO IS JESUS CHRIST</sraix>,sraix.aiml
0,WHO IS WINNING *,*,*,<sraix service="pannous">WHO IS WINNING <star/></sraix>,sraix.aiml
0,WHO IS BATMAN,*,*,<sraix service="pannous">WHO IS BATMAN</sraix>,sraix.aiml
0,WHO IS JOHN *,*,*,<sraix service="pannous">WHO IS JOHN <star/></sraix>,sraix.aiml
0,WHO IS SQUARE BEAR,*,*,<sraix service="pannous">WHO IS SQUARE BEAR</sraix>,sraix.aiml
0,WHO IS ALICE,*,*,<sraix service="pannous">WHO IS ALICE</sraix>,sraix.aiml
0,WHO IS BEN *,*,*,<sraix service="pannous">WHO IS BEN <star/></sraix>,sraix.aiml
0,WHO IS GEORGE *,*,*,<sraix service="pannous">WHO IS GEORGE <star/></sraix>,sraix.aiml
0,WHO IS TOM *,*,*,<sraix service="pannous">WHO IS TOM <star/></sraix>,sraix.aiml
0,WHO IS CAPTAIN KIRK,*,*,<sraix service="pannous">WHO IS CAPTAIN KIRK</sraix>,sraix.aiml
0,WHO DOES *,*,*,<sraix service="pannous">WHO DOES <star/></sraix>,sraix.aiml
0,WHO WAS JESUS,*,*,<sraix service="pannous">WHO WAS JESUS</sraix>,sraix.aiml
0,WHO WAS *,*,*,<sraix service="pannous">WHO WAS <star/></sraix>,sraix.aiml
0,WHO WAS THE *,*,*,<sraix service="pannous">WHO WAS THE <star/></sraix>,sraix.aiml
0,WHO WAS THE FIRST *,*,*,<sraix service="pannous">WHO WAS THE FIRST <star/></sraix>,sraix.aiml
0,WHO WROTE *,*,*,<sraix service="pannous">WHO WROTE <star/></sraix>,sraix.aiml
0,WHO PLAYS *,*,*,<sraix service="pannous">WHO PLAYS <star/></sraix>,sraix.aiml
0,WHO INVENTED *,*,*,<sraix service="pannous">WHO INVENTED <star/></sraix>,sraix.aiml
0,ISANAME <SET>NAME</SET>,*,*,true,sraix.aiml
0,ISANAME *,*,*,false,sraix.aiml
0,ELECTRON MASS,*,*,<sraix service="pannous">WHAT IS ELECTRON MASS</sraix>,sraix.aiml
0,WILL ROBOTS TAKE OVER THE WORLD,*,*,<sraix service="pannous">WILL ROBOTS TAKE OVER THE WORLD</sraix>,sraix.aiml
0,WILL *,*,*,<sraix service="pannous">WILL <star/></sraix>,sraix.aiml
0,WILL THE *,*,*,<sraix service="pannous">WILL THE <star/></sraix>,sraix.aiml
0,CALCULATE *,*,*,<sraix service="pannous">CALCULATE <star/></sraix>,sraix.aiml
0,THE WEATHER IN *,*,*,<sraix service="pannous">THE WEATHER IN <star/></sraix>,sraix.aiml
0,THE WEATHER *,*,*,<sraix service="pannous">THE WEATHER <star/></sraix>,sraix.aiml
0,WAKE ME UP AT *,*,*,<srai>ALARMMESSAGE Wake up ALARMREQUEST WAKE ME UP AT <star/></srai>,sraix.aiml
0,WAKE ME UP IN *,*,*,<srai>ALARMMESSAGE <star/> ALARMREQUEST WAKE ME UP IN <star/></srai>,sraix.aiml
0,WAKE ME UP IN * HOURS,*,*,<srai>ALARMMESSAGE Wake up ALARMREQUEST WAKE ME UP IN <star/> HOURS</srai>,sraix.aiml
0,WAKE ME UP *,*,*,<srai>ALARMMESSAGE Wake me up ALARMREQUEST WAKE ME UP <star/></srai>,sraix.aiml
0,WAKE ME UP TOMORROW AT *,*,*,<srai>ALARMMESSAGE Wake up ALARMREQUEST WAKE ME UP TOMORROW AT <star/></srai>,sraix.aiml
0,WAKE ME UP TOMORROW *,*,*,<srai>ALARMMESSAGE Wake up ALARMREQUEST WAKE ME UP TOMORROW <star/> </srai>,sraix.aiml
0,WAKE ME *,*,*,<srai>ALARMMESSAGE <star/> ALARMREQUEST WAKE ME <star/> </srai>,sraix.aiml
0,SCHEDULE *,*,*,<srai>SCHEDULEDESCRIPTION <star/> SCHEDULEREQUEST SCHEDULE <star/></srai>,sraix.aiml
0,TRAFFIC *,*,*,<sraix service="pannous">TRAFFIC <star/></sraix>,sraix.aiml
0,HOROSCOPE FOR *,*,*,<sraix service="pannous">WHAT IS THE HOROSCOPE FOR <star/></sraix>,sraix.aiml
0,TIME IN *,*,*,<sraix service="pannous">TIME IN <star/></sraix>,sraix.aiml
0,ADD * *,*,*,<think><set name="isaname"><srai>ISANAME <star/></srai></set>#Newline</think>#Newline<condition name="isaname">#Newline<li value="true"><srai>NEW CONTACT <star/> <star index="2"/></srai></li>#Newline<li><sraix service="pannous">ADD <star/> <star index="2"/></sraix></li>#Newline</condition>,sraix.aiml
0,SET CALENDAR *,*,*,<srai>SCHEDULEDESCRIPTION <star/> SCHEDULEREQUEST SET CALENDAR <star/></srai>,sraix.aiml
0,SET A REMINDER FOR *,*,*,<srai>SCHEDULEDESCRIPTION <star/> SCHEDULEREQUEST SET A REMINDER FOR <star/></srai>,sraix.aiml
0,SET A *,*,*,<sraix service="pannous">SET A <star/></sraix>,sraix.aiml
0,SET ALARM *,*,*,<srai>ALARMMESSAGE Alarm ALARMREQUEST SET ALARM <star/></srai>,sraix.aiml
0,DID *,*,*,<sraix service="pannous">DID <star/></sraix>,sraix.aiml
0,WHEN DO *,*,*,<sraix service="pannous">WHEN DO <star/></sraix>,sraix.aiml
0,WHEN ARE *,*,*,<sraix service="pannous">WHEN ARE <star/></sraix>,sraix.aiml
0,WHEN ARE THE *,*,*,<sraix service="pannous">WHEN ARE THE <star/></sraix>,sraix.aiml
0,WHEN WILL *,*,*,<sraix service="pannous">WHEN WILL <star/></sraix>,sraix.aiml
0,WHEN WILL THE WORLD END,*,*,<sraix service="pannous">WHEN WILL THE WORLD END</sraix>,sraix.aiml
0,WHEN WILL I DIE,*,*,<sraix service="pannous">WHEN WILL I DIE</sraix>,sraix.aiml
0,WHEN *,*,*,<sraix service="pannous">WHEN <star/></sraix>,sraix.aiml
0,WHEN IS *,*,*,<sraix service="pannous">WHEN IS <star/></sraix>,sraix.aiml
0,WHEN IS THE *,*,*,<sraix service="pannous">WHEN IS THE <star/></sraix>,sraix.aiml
0,WHEN IS THE END OF THE WORLD,*,*,<sraix service="pannous">WHEN IS THE END OF THE WORLD</sraix>,sraix.aiml
0,WHEN IS THE WORLD GOING TO END,*,*,<sraix service="pannous">WHEN IS THE WORLD GOING TO END</sraix>,sraix.aiml
0,WHEN IS THE WORLD *,*,*,<sraix service="pannous">WHEN IS THE WORLD <star/></sraix>,sraix.aiml
0,WHEN DID MICHAEL JACKSON DIE,*,*,<sraix service="pannous">WHEN DID MICHAEL JACKSON DIE</sraix>,sraix.aiml
0,WHEN DID *,*,*,<sraix service="pannous">WHEN DID <star/></sraix>,sraix.aiml
0,WHEN DOES *,*,*,<sraix service="pannous">WHEN DOES <star/></sraix>,sraix.aiml
0,WHEN WAS *,*,*,<sraix service="pannous">WHEN WAS <star/></sraix>,sraix.aiml
0,WHAT COLORS ARE *,*,*,<sraix service="pannous">WHAT COLORS ARE <star/></sraix>,sraix.aiml
0,WHAT HAPPEN *,*,*,<sraix service="pannous">WHAT HAPPEN <star/></sraix>,sraix.aiml
0,WHAT YEAR *,*,*,<sraix service="pannous">WHAT YEAR <star/></sraix>,sraix.aiml
0,WHAT YEAR DID *,*,*,<sraix service="pannous">WHAT YEAR DID <star/></sraix>,sraix.aiml
0,WHAT YEAR WAS THE *,*,*,<sraix service="pannous">WHAT YEAR WAS THE <star/></sraix>,sraix.aiml
0,WHAT HAPPENED IN *,*,*,<sraix service="pannous">WHAT HAPPENED IN <star/></sraix>,sraix.aiml
0,WHAT HAPPENED TO THE *,*,*,<sraix service="pannous">WHAT HAPPENED TO THE <star/></sraix>,sraix.aiml
0,WHAT DO *,*,*,<sraix service="pannous">WHAT DO <star/></sraix>,sraix.aiml
0,WHAT DO PEOPLE *,*,*,<sraix service="pannous">WHAT DO PEOPLE <star/></sraix>,sraix.aiml
0,WHAT DO YOU CALL *,*,*,<sraix service="pannous">WHAT DO YOU CALL <star/></sraix>,sraix.aiml
0,WHAT DAY IS *,*,*,<sraix service="pannous">WHAT DAY IS <star/></sraix>,sraix.aiml
0,WHAT COLOR ARE *,*,*,<sraix service="pannous">WHAT COLOR ARE <star/></sraix>,sraix.aiml
0,WHAT COLOR *,*,*,<sraix service="pannous">WHAT COLOR <star/></sraix>,sraix.aiml
0,WHAT COLOR IS THE SKY,*,*,<sraix service="pannous">WHAT COLOR IS THE SKY</sraix>,sraix.aiml
0,WHAT CAN *,*,*,<sraix service="pannous">WHAT CAN <star/></sraix>,sraix.aiml
0,WHAT CAN I DO TO *,*,*,<sraix service="pannous">WHAT CAN I DO TO <star/></sraix>,sraix.aiml
0,WHAT WORD CAN YOU MAKE FROM THE INITIAL LETTERS OF *,*,*,<sraix service="pannous">WHAT WORD CAN YOU MAKE FROM THE INITIAL LETTERS OF <star/></sraix>,sraix.aiml
0,WHAT COMPANY *,*,*,<sraix service="pannous">WHAT COMPANY <star/></sraix>,sraix.aiml
0,WHAT CAUSES *,*,*,<sraix service="pannous">WHAT CAUSES <star/></sraix>,sraix.aiml
0,WHAT TIME WILL *,*,*,<sraix service="pannous">WHAT TIME WILL <star/></sraix>,sraix.aiml
0,WHAT TIME IS IN *,*,*,<sraix service="pannous">WHAT TIME IS IN <star/></sraix>,sraix.aiml
0,WHAT TIME IS *,*,*,<sraix service="pannous">WHAT TIME IS <star/></sraix>,sraix.aiml
0,WHAT TIME IS THE *,*,*,<sraix service="pannous">WHAT TIME IS THE <star/></sraix>,sraix.aiml
0,WHAT TIME IS IT IN NEW YORK,*,*,<sraix service="pannous">WHAT TIME IS IT IN NEW YORK</sraix>,sraix.aiml
0,WHAT TIME IS IT IN CHINA,*,*,<sraix service="pannous">WHAT TIME IS IT IN CHINA</sraix>,sraix.aiml
0,WHAT TIME IS IT IN *,*,*,<sraix service="pannous">WHAT TIME IS IT IN <star/></sraix>,sraix.aiml
0,WHAT TIME IS IT IN THE *,*,*,<sraix service="pannous">WHAT TIME IS IT IN THE <star/></sraix>,sraix.aiml
0,WHAT TIME IS IT IN CHICAGO,*,*,<sraix service="pannous">WHAT TIME IS IT IN CHICAGO</sraix>,sraix.aiml
0,WHAT TIME IS IT IN VIRGINIA,*,*,<sraix service="pannous">WHAT TIME IS IT IN VIRGINIA</sraix>,sraix.aiml
0,WHAT TIME IS IT IN ENGLAND,*,*,<sraix service="pannous">WHAT TIME IS IT IN ENGLAND</sraix>,sraix.aiml
0,WHAT TIME DOES *,*,*,<sraix service="pannous">WHAT TIME DOES <star/></sraix>,sraix.aiml
0,WHAT TIME DOES THE *,*,*,<sraix service="pannous">WHAT TIME DOES THE <star/></sraix>,sraix.aiml
0,WHAT ARE *,*,*,<sraix service="pannous">WHAT ARE <star/></sraix>,sraix.aiml
0,WHAT ARE THE LATEST HEADLINES,*,*,<sraix service="pannous">WHAT ARE THE LATEST HEADLINES</sraix>,sraix.aiml
0,WHAT ARE THE 4 *,*,*,<sraix service="pannous">WHAT ARE THE 4 <star/></sraix>,sraix.aiml
0,WHAT ARE THE *,*,*,<sraix service="pannous">WHAT ARE THE <star/></sraix>,sraix.aiml
0,WHAT ARE THE INGREDIENTS OF *,*,*,<sraix service="pannous">WHAT ARE THE INGREDIENTS OF <star/></sraix>,sraix.aiml
0,WHAT ARE THE BEST *,*,*,<sraix service="pannous">WHAT ARE THE BEST <star/></sraix>,sraix.aiml
0,WHAT ARE SOME *,*,*,<sraix service="pannous">WHAT ARE SOME <star/></sraix>,sraix.aiml
0,WHAT *,*,*,<sraix service="pannous">WHAT <star/></sraix>,sraix.aiml
0,WHAT IS LIFE,*,*,<sraix service="pannous">WHAT IS LIFE</sraix>,sraix.aiml
0,WHAT IS TODAY S *,*,*,<sraix service="pannous">WHAT IS TODAY S <star/></sraix>,sraix.aiml
0,WHAT IS GOING ON WITH *,*,*,<sraix service="pannous">WHAT IS GOING ON WITH <star/></sraix>,sraix.aiml
0,WHAT IS A GREAT *,*,*,<sraix service="pannous">WHAT IS A GREAT <star/></sraix>,sraix.aiml
0,WHAT IS A MAN *,*,*,<sraix service="pannous">WHAT IS A MAN <star/></sraix>,sraix.aiml
0,WHAT IS A COOKIE,*,*,<sraix service="pannous">WHAT IS A COOKIE</sraix>,sraix.aiml
0,WHAT IS A DOG,*,*,<sraix service="pannous">WHAT IS A DOG</sraix>,sraix.aiml
0,WHAT IS A TEST,*,*,<sraix service="pannous">WHAT IS A TEST</sraix>,sraix.aiml
0,WHAT IS A VAGINA,*,*,<sraix service="pannous">WHAT IS A VAGINA</sraix>,sraix.aiml
0,WHAT IS A COMPUTER,*,*,<sraix service="pannous">WHAT IS A COMPUTER</sraix>,sraix.aiml
0,WHAT IS A BLACK *,*,*,<sraix service="pannous">WHAT IS A BLACK <star/></sraix>,sraix.aiml
0,WHAT IS A GOOD *,*,*,<sraix service="pannous">WHAT IS A GOOD <star/></sraix>,sraix.aiml
0,WHAT IS A GOOD WAY TO *,*,*,<sraix service="pannous">WHAT IS A GOOD WAY TO <star/></sraix>,sraix.aiml
0,WHAT IS A SQUARE *,*,*,<sraix service="pannous">WHAT IS A SQUARE <star/></sraix>,sraix.aiml
0,WHAT IS A CAT,*,*,<sraix service="pannous">WHAT IS A CAT</sraix>,sraix.aiml
0,WHAT IS A LITTLE *,*,*,<sraix service="pannous">WHAT IS A LITTLE <star/></sraix>,sraix.aiml
0,WHAT IS A PENIS,*,*,<sraix service="pannous">WHAT IS A PENIS</sraix>,sraix.aiml
0,WHAT IS MARIJUANA,*,*,<sraix service="pannous">WHAT IS MARIJUANA</sraix>,sraix.aiml
0,WHAT IS PANDORA,*,*,<sraix service="pannous">WHAT IS PANDORA</sraix>,sraix.aiml
0,WHAT IS ARTIFICIAL INTELLIGENCE,*,*,<sraix service="pannous">WHAT IS ARTIFICIAL INTELLIGENCE</sraix>,sraix.aiml
0,WHAT IS IRIS,*,*,<sraix service="pannous">WHAT IS IRIS</sraix>,sraix.aiml
0,WHAT IS FACEBOOK,*,*,<sraix service="pannous">WHAT IS FACEBOOK</sraix>,sraix.aiml
0,WHAT IS THE MAIN *,*,*,<sraix service="pannous">WHAT IS THE MAIN <star/></sraix>,sraix.aiml
0,WHAT IS THE LATEST NEWS,*,*,<sraix service="pannous">WHAT IS THE LATEST NEWS</sraix>,sraix.aiml
0,WHAT IS THE LATEST NEWS ON *,*,*,<sraix service="pannous">WHAT IS THE LATEST NEWS ON <star/></sraix>,sraix.aiml
0,WHAT IS THE LATEST NEWS *,*,*,<sraix service="pannous">WHAT IS THE LATEST NEWS <star/></sraix>,sraix.aiml
0,WHAT IS THE LATEST *,*,*,<sraix service="pannous">WHAT IS THE LATEST <star/></sraix>,sraix.aiml
0,WHAT IS THE ENGLISH *,*,*,<sraix service="pannous">WHAT IS THE ENGLISH <star/></sraix>,sraix.aiml
0,WHAT IS THE WORLD S *,*,*,<sraix service="pannous">WHAT IS THE WORLD S <star/></sraix>,sraix.aiml
0,WHAT IS THE WORLD *,*,*,<sraix service="pannous">WHAT IS THE WORLD <star/></sraix>,sraix.aiml
0,WHAT IS THE BEST PHONE,*,*,<sraix service="pannous">WHAT IS THE BEST PHONE</sraix>,sraix.aiml
0,WHAT IS THE BEST PLACE TO *,*,*,<sraix service="pannous">WHAT IS THE BEST PLACE TO <star/></sraix>,sraix.aiml
0,WHAT IS THE BEST THING TO *,*,*,<sraix service="pannous">WHAT IS THE BEST THING TO <star/></sraix>,sraix.aiml
0,WHAT IS THE BEST *,*,*,<sraix service="pannous">WHAT IS THE BEST <star/></sraix>,sraix.aiml
0,WHAT IS THE BEST SELLING *,*,*,<sraix service="pannous">WHAT IS THE BEST SELLING <star/></sraix>,sraix.aiml
0,WHAT IS THE BEST WAY TO *,*,*,<sraix service="pannous">WHAT IS THE BEST WAY TO <star/></sraix>,sraix.aiml
0,WHAT IS THE BEST KIND OF *,*,*,<sraix service="pannous">WHAT IS THE BEST KIND OF <star/></sraix>,sraix.aiml
0,WHAT IS THE GREATEST *,*,*,<sraix service="pannous">WHAT IS THE GREATEST <star/></sraix>,sraix.aiml
0,WHAT IS THE NUMBER *,*,*,<sraix service="pannous">WHAT IS THE NUMBER <star/></sraix>,sraix.aiml
0,WHAT IS THE LONGEST RIVER IN *,*,*,<sraix service="pannous">WHAT IS THE LONGEST RIVER IN <star/></sraix>,sraix.aiml
0,WHAT IS THE PHONE NUMBER *,*,*,<sraix service="pannous">WHAT IS THE PHONE NUMBER <star/></sraix>,sraix.aiml
0,WHAT IS THE NEW *,*,*,<sraix service="pannous">WHAT IS THE NEW <star/></sraix>,sraix.aiml
0,WHAT IS THE WEATHER,*,*,<sraix service="pannous">WHAT IS THE WEATHER</sraix>,sraix.aiml
0,WHAT IS THE WEATHER FORECAST FOR *,*,*,<sraix service="pannous">WHAT IS THE WEATHER FORECAST FOR <star/></sraix>,sraix.aiml
0,WHAT IS THE WEATHER FOR TODAY,*,*,<sraix service="pannous">WHAT IS THE WEATHER FOR TODAY</sraix>,sraix.aiml
0,WHAT IS THE WEATHER FOR *,*,*,<sraix service="pannous">WHAT IS THE WEATHER FOR <star/></sraix>,sraix.aiml
0,WHAT IS THE WEATHER FOR TOMORROW,*,*,<sraix service="pannous">WHAT IS THE WEATHER FOR TOMORROW</sraix>,sraix.aiml
0,WHAT IS THE WEATHER RIGHT NOW,*,*,<sraix service="pannous">WHAT IS THE WEATHER RIGHT NOW</sraix>,sraix.aiml
0,WHAT IS THE WEATHER TODAY,*,*,<sraix service="pannous">WHAT IS THE WEATHER TODAY</sraix>,sraix.aiml
0,WHAT IS THE WEATHER TODAY *,*,*,<sraix service="pannous">WHAT IS THE WEATHER TODAY <star/></sraix>,sraix.aiml
0,WHAT IS THE WEATHER GOING TO BE *,*,*,<sraix service="pannous">WHAT IS THE WEATHER GOING TO BE <star/></sraix>,sraix.aiml
0,WHAT IS THE WEATHER GOING TO BE LIKE TODAY,*,*,<sraix service="pannous">WHAT IS THE WEATHER GOING TO BE LIKE TODAY</sraix>,sraix.aiml
0,WHAT IS THE WEATHER GOING TO BE LIKE IN *,*,*,<sraix service="pannous">WHAT IS THE WEATHER GOING TO BE LIKE IN <star/></sraix>,sraix.aiml
0,WHAT IS THE WEATHER IN PARIS,*,*,<sraix service="pannous">WHAT IS THE WEATHER IN PARIS</sraix>,sraix.aiml
0,WHAT IS THE WEATHER IN *,*,*,<sraix service="pannous">WHAT IS THE WEATHER IN <star/></sraix>,sraix.aiml
0,WHAT IS THE WEATHER IN LONDON,*,*,<sraix service="pannous">WHAT IS THE WEATHER IN LONDON</sraix>,sraix.aiml
0,WHAT IS THE WEATHER *,*,*,<sraix service="pannous">WHAT IS THE WEATHER <star/></sraix>,sraix.aiml
0,WHAT IS THE WEATHER LIKE,*,*,<sraix service="pannous">WHAT IS THE WEATHER LIKE</sraix>,sraix.aiml
0,WHAT IS THE WEATHER LIKE FOR TODAY,*,*,<sraix service="pannous">WHAT IS THE WEATHER LIKE FOR TODAY</sraix>,sraix.aiml
0,WHAT IS THE WEATHER LIKE FOR TOMORROW,*,*,<sraix service="pannous">WHAT IS THE WEATHER LIKE FOR TOMORROW</sraix>,sraix.aiml
0,WHAT IS THE WEATHER LIKE TODAY,*,*,<sraix service="pannous">WHAT IS THE WEATHER LIKE TODAY</sraix>,sraix.aiml
0,WHAT IS THE WEATHER LIKE IN NEW YORK,*,*,<sraix service="pannous">WHAT IS THE WEATHER LIKE IN NEW YORK</sraix>,sraix.aiml
0,WHAT IS THE WEATHER LIKE IN *,*,*,<sraix service="pannous">WHAT IS THE WEATHER LIKE IN <star/></sraix>,sraix.aiml
0,WHAT IS THE WEATHER LIKE *,*,*,<sraix service="pannous">WHAT IS THE WEATHER LIKE <star/></sraix>,sraix.aiml
0,WHAT IS THE WEATHER LIKE HERE,*,*,<sraix service="pannous">WHAT IS THE WEATHER LIKE HERE</sraix>,sraix.aiml
0,WHAT IS THE WEATHER LIKE OUTSIDE,*,*,<sraix service="pannous">WHAT IS THE WEATHER LIKE OUTSIDE</sraix>,sraix.aiml
0,WHAT IS THE WEATHER LIKE TOMORROW,*,*,<sraix service="pannous">WHAT IS THE WEATHER LIKE TOMORROW</sraix>,sraix.aiml
0,WHAT IS THE WEATHER TOMORROW,*,*,<sraix service="pannous">WHAT IS THE WEATHER TOMORROW</sraix>,sraix.aiml
0,WHAT IS THE WEATHER OUTSIDE,*,*,<sraix service="pannous">WHAT IS THE WEATHER OUTSIDE</sraix>,sraix.aiml
0,WHAT IS THE CAPITAL OF CHINA,*,*,<sraix service="pannous">WHAT IS THE CAPITAL OF CHINA</sraix>,sraix.aiml
0,WHAT IS THE CAPITAL OF *,*,*,<sraix service="pannous">WHAT IS THE CAPITAL OF <star/></sraix>,sraix.aiml
0,WHAT IS THE CAPITAL OF INDIA,*,*,<sraix service="pannous">WHAT IS THE CAPITAL OF INDIA</sraix>,sraix.aiml
0,WHAT IS THE CAPITAL OF PAKISTAN,*,*,<sraix service="pannous">WHAT IS THE CAPITAL OF PAKISTAN</sraix>,sraix.aiml
0,WHAT IS THE CAPITAL CITY OF *,*,*,<sraix service="pannous">WHAT IS THE CAPITAL CITY OF <star/></sraix>,sraix.aiml
0,WHAT IS THE CURRENT WEATHER,*,*,<sraix service="pannous">WHAT IS THE CURRENT WEATHER</sraix>,sraix.aiml
0,WHAT IS THE CURRENT *,*,*,<sraix service="pannous">WHAT IS THE CURRENT <star/></sraix>,sraix.aiml
0,WHAT IS THE HISTORY OF *,*,*,<sraix service="pannous">WHAT IS THE HISTORY OF <star/></sraix>,sraix.aiml
0,WHAT IS THE INTERNET,*,*,<sraix service="pannous">WHAT IS THE INTERNET</sraix>,sraix.aiml
0,WHAT IS THE BIGGEST *,*,*,<sraix service="pannous">WHAT IS THE BIGGEST <star/></sraix>,sraix.aiml
0,WHAT IS THE TIME IN *,*,*,<sraix service="pannous">WHAT IS THE TIME IN <star/></sraix>,sraix.aiml
0,WHAT IS THE DISTANCE *,*,*,<sraix service="pannous">WHAT IS THE DISTANCE <star/></sraix>,sraix.aiml
0,WHAT IS THE DISTANCE TO THE MOON,*,*,<sraix service="pannous">WHAT IS THE DISTANCE TO THE MOON</sraix>,sraix.aiml
0,WHAT IS THE NAME OF *,*,*,<sraix service="pannous">WHAT IS THE NAME OF <star/></sraix>,sraix.aiml
0,WHAT IS THE NAME OF <SET>ARTICLE</SET> *,*,*,<sraix service="pannous">WHAT IS THE NAME OF <star/> <star index="2"/></sraix>,sraix.aiml
0,WHAT IS THE FULL FORM OF *,*,*,<sraix service="pannous">WHAT IS THE FULL FORM OF <star/></sraix>,sraix.aiml
0,WHAT IS THE PERFECT *,*,*,<sraix service="pannous">WHAT IS THE PERFECT <star/></sraix>,sraix.aiml
0,WHAT IS THE SPEED OF LIGHT,*,*,<sraix service="pannous">WHAT IS THE SPEED OF LIGHT</sraix>,sraix.aiml
0,WHAT IS THE LARGEST COMPANY,*,*,<sraix service="pannous">WHAT IS THE LARGEST COMPANY</sraix>,sraix.aiml
0,WHAT IS THE AVERAGE *,*,*,<sraix service="pannous">WHAT IS THE AVERAGE <star/></sraix>,sraix.aiml
0,WHAT IS THE TALLEST BUILDING IN THE WORLD,*,*,<sraix service="pannous">WHAT IS THE TALLEST BUILDING IN THE WORLD</sraix>,sraix.aiml
0,WHAT IS THE HIGHEST *,*,*,<sraix service="pannous">WHAT IS THE HIGHEST <star/></sraix>,sraix.aiml
0,WHAT IS THE HIGHEST MOUNTAIN IN THE WORLD,*,*,<sraix service="pannous">WHAT IS THE HIGHEST MOUNTAIN IN THE WORLD</sraix>,sraix.aiml
0,WHAT IS THE SOFTEST *,*,*,<sraix service="pannous">WHAT IS THE SOFTEST <star/></sraix>,sraix.aiml
0,WHAT IS THE NEXT *,*,*,<sraix service="pannous">WHAT IS THE NEXT <star/></sraix>,sraix.aiml
0,WHAT IS THE CURRENCY OF *,*,*,<sraix service="pannous">WHAT IS THE CURRENCY OF <star/></sraix>,sraix.aiml
0,WHAT IS THE MEANING OF LIFE,*,*,<sraix service="pannous">WHAT IS THE MEANING OF LIFE</sraix>,sraix.aiml
0,WHAT IS THE FASTEST *,*,*,<sraix service="pannous">WHAT IS THE FASTEST <star/></sraix>,sraix.aiml
0,WHAT IS THE FASTEST CAR IN THE WORLD,*,*,<sraix service="pannous">WHAT IS THE FASTEST CAR IN THE WORLD</sraix>,sraix.aiml
0,WHAT IS THE DIFFERENCE *,*,*,<sraix service="pannous">WHAT IS THE DIFFERENCE <star/></sraix>,sraix.aiml
0,WHAT IS THE DATE *,*,*,<sraix service="pannous">WHAT IS THE DATE <star/></sraix>,sraix.aiml
0,WHAT IS THE TOP *,*,*,<sraix service="pannous">WHAT IS THE TOP <star/></sraix>,sraix.aiml
0,WHAT IS THE SQUARE BEAR,*,*,<sraix service="pannous">WHAT IS THE SQUARE BEAR</sraix>,sraix.aiml
0,WHAT IS THE SQUARE ROOT *,*,*,<sraix service="pannous">WHAT IS THE SQUARE ROOT <star/></sraix>,sraix.aiml
0,WHAT IS THE POPULATION OF FRANCE,*,*,<sraix service="pannous">WHAT IS THE POPULATION OF FRANCE</sraix>,sraix.aiml
0,WHAT IS THE POPULATION OF CHINA,*,*,<sraix service="pannous">WHAT IS THE POPULATION OF CHINA</sraix>,sraix.aiml
0,WHAT IS THE POPULATION OF *,*,*,<sraix service="pannous">WHAT IS THE POPULATION OF <star/></sraix>,sraix.aiml
0,WHAT IS THE POPULATION OF UNITED STATES,*,*,<sraix service="pannous">WHAT IS THE POPULATION OF UNITED STATES</sraix>,sraix.aiml
0,WHAT IS THE SIZE OF *,*,*,<sraix service="pannous">WHAT IS THE SIZE OF <star/></sraix>,sraix.aiml
0,WHAT IS THE MOST COMMON *,*,*,<sraix service="pannous">WHAT IS THE MOST COMMON <star/></sraix>,sraix.aiml
0,WHAT IS THE MOST *,*,*,<sraix service="pannous">WHAT IS THE MOST <star/></sraix>,sraix.aiml
0,WHAT IS THE MOST IMPORTANT *,*,*,<sraix service="pannous">WHAT IS THE MOST IMPORTANT <star/></sraix>,sraix.aiml
0,WHAT IS THE <SET>ORDINAL</SET> *,*,*,<sraix service="pannous">WHAT IS THE <star/> <star index="2"/></sraix>,sraix.aiml
0,WHAT IS THE TEMPERATURE,*,*,<sraix service="pannous">WHAT IS THE TEMPERATURE</sraix>,sraix.aiml
0,WHAT IS THE TEMPERATURE IN *,*,*,<sraix service="pannous">WHAT IS THE TEMPERATURE IN <star/></sraix>,sraix.aiml
0,WHAT IS ANDROID,*,*,<sraix service="pannous">WHAT IS ANDROID</sraix>,sraix.aiml
0,WHAT IS ON *,*,*,<sraix service="pannous">WHAT IS ON <star/></sraix>,sraix.aiml
0,WHAT IS SEX,*,*,<sraix service="pannous">WHAT IS SEX</sraix>,sraix.aiml
0,WHAT IS PROCREATION,*,*,<sraix service="pannous">WHAT IS PROCREATION</sraix>,sraix.aiml
0,WHAT IS GOOGLE,*,*,<sraix service="pannous">WHAT IS GOOGLE</sraix>,sraix.aiml
0,WHAT IS TIME *,*,*,<sraix service="pannous">WHAT IS TIME <star/></sraix>,sraix.aiml
0,WHAT IS NOUN,*,*,<sraix service="pannous">WHAT IS NOUN</sraix>,sraix.aiml
0,WHAT IS LOVE,*,*,<sraix service="pannous">WHAT IS LOVE</sraix>,sraix.aiml
0,WHAT IS IN A *,*,*,<sraix service="pannous">WHAT IS IN A <star/></sraix>,sraix.aiml
0,WHAT IS IN *,*,*,<sraix service="pannous">WHAT IS IN <star/></sraix>,sraix.aiml
0,WHAT IS IN THE *,*,*,<sraix service="pannous">WHAT IS IN THE <star/></sraix>,sraix.aiml
0,WHAT IS SO SPECIAL ABOUT *,*,*,<sraix service="pannous">WHAT IS SO SPECIAL ABOUT <star/></sraix>,sraix.aiml
0,WHAT IS MARTIAL LAW,*,*,<sraix service="pannous">WHAT IS MARTIAL LAW</sraix>,sraix.aiml
0,WHAT IS EVIL *,*,*,<sraix service="pannous">WHAT IS EVIL <star/></sraix>,sraix.aiml
0,WHAT WAS *,*,*,<sraix service="pannous">WHAT WAS <star/></sraix>,sraix.aiml
0,WHAT WAS THE *,*,*,<sraix service="pannous">WHAT WAS THE <star/></sraix>,sraix.aiml
0,WHAT WAS THE FIRST *,*,*,<sraix service="pannous">WHAT WAS THE FIRST <star/></sraix>,sraix.aiml
0,WHAT CITY IS *,*,*,<sraix service="pannous">WHAT CITY IS <star/></sraix>,sraix.aiml
0,WHAT SOUND DOES A *,*,*,<sraix service="pannous">WHAT SOUND DOES A <star/></sraix>,sraix.aiml
0,WHAT SOUND DOES A DOG MAKE,*,*,<sraix service="pannous">WHAT SOUND DOES A DOG MAKE</sraix>,sraix.aiml
0,WHAT STATE *,*,*,<sraix service="pannous">WHAT STATE <star/></sraix>,sraix.aiml
0,WHAT WILL HAPPEN TO *,*,*,<sraix service="pannous">WHAT WILL HAPPEN TO <star/></sraix>,sraix.aiml
0,WHAT WILL HAPPEN *,*,*,<sraix service="pannous">WHAT WILL HAPPEN <star/></sraix>,sraix.aiml
0,WHAT WILL HAPPEN IF *,*,*,<sraix service="pannous">WHAT WILL HAPPEN IF <star/></sraix>,sraix.aiml
0,WHAT WILL BE *,*,*,<sraix service="pannous">WHAT WILL BE <star/></sraix>,sraix.aiml
0,WHAT WILL THE WEATHER BE LIKE IN *,*,*,<sraix service="pannous">WHAT WILL THE WEATHER BE LIKE IN <star/></sraix>,sraix.aiml
0,WHAT WILL THE WEATHER BE LIKE *,*,*,<sraix service="pannous">WHAT WILL THE WEATHER BE LIKE <star/></sraix>,sraix.aiml
0,WHAT WILL THE WEATHER BE LIKE TOMORROW,*,*,<sraix service="pannous">WHAT WILL THE WEATHER BE LIKE TOMORROW</sraix>,sraix.aiml
0,WHAT WOULD YOU DO IF YOU *,*,*,<sraix service="pannous">WHAT WOULD YOU DO IF YOU <star/></sraix>,sraix.aiml
0,WHAT SHOULD I DO *,*,*,<sraix service="pannous">WHAT SHOULD I DO <star/></sraix>,sraix.aiml
0,WHAT DOES <SET>ARTICLE</SET> *,*,*,<sraix service="pannous">WHAT DOES <star/> <star index="2"/></sraix>,sraix.aiml
0,WHAT DOES *,*,*,<sraix service="pannous">WHAT DOES <star/></sraix>,sraix.aiml
0,WHAT HAPPENS *,*,*,<sraix service="pannous">WHAT HAPPENS <star/></sraix>,sraix.aiml
0,WHAT MOVIES *,*,*,<sraix service="pannous">WHAT MOVIES <star/></sraix>,sraix.aiml
0,WHAT KIND OF *,*,*,<sraix service="pannous">WHAT KIND OF <star/></sraix>,sraix.aiml
0,WHAT COUNTRY *,*,*,<sraix service="pannous">WHAT COUNTRY <star/></sraix>,sraix.aiml
0,WHAT COUNTRY IS *,*,*,<sraix service="pannous">WHAT COUNTRY IS <star/></sraix>,sraix.aiml
0,WHAT PRESIDENT *,*,*,<sraix service="pannous">WHAT PRESIDENT <star/></sraix>,sraix.aiml
0,WHAT DATE *,*,*,<sraix service="pannous">WHAT DATE <star/></sraix>,sraix.aiml
0,NAME THE *,*,*,<sraix service="pannous">NAME THE <star/></sraix>,sraix.aiml
0,NAME OF *,*,*,<sraix service="pannous">NAME OF <star/></sraix>,sraix.aiml
0,NAME OF THE *,*,*,<sraix service="pannous">NAME OF THE <star/></sraix>,sraix.aiml
0,HOW LATE *,*,*,<sraix service="pannous">HOW LATE <star/></sraix>,sraix.aiml
0,HOW WILL *,*,*,<sraix service="pannous">HOW WILL <star/></sraix>,sraix.aiml
0,HOW TO MAKE *,*,*,<sraix service="pannous">HOW TO MAKE <star/></sraix>,sraix.aiml
0,HOW TO STOP *,*,*,<sraix service="pannous">HOW TO STOP <star/></sraix>,sraix.aiml
0,HOW TO GET *,*,*,<sraix service="pannous">HOW TO GET <star/></sraix>,sraix.aiml
0,HOW TO FIX A *,*,*,<sraix service="pannous">HOW TO FIX A <star/></sraix>,sraix.aiml
0,HOW TO FIX *,*,*,<sraix service="pannous">HOW TO FIX <star/></sraix>,sraix.aiml
0,HOW TO BE A *,*,*,<sraix service="pannous">HOW TO BE A <star/></sraix>,sraix.aiml
0,HOW TO BE *,*,*,<sraix service="pannous">HOW TO BE <star/></sraix>,sraix.aiml
0,HOW TO SPEAK *,*,*,<sraix service="pannous">HOW TO SPEAK <star/></sraix>,sraix.aiml
0,HOW TO STUDY *,*,*,<sraix service="pannous">HOW TO STUDY <star/></sraix>,sraix.aiml
0,HOW TO *,*,*,<sraix service="pannous">HOW TO <star/></sraix>,sraix.aiml
0,HOW WOULD *,*,*,<sraix service="pannous">HOW WOULD <star/></sraix>,sraix.aiml
0,HOW DOES <SET>ARTICLE</SET> *,*,*,<sraix service="pannous">HOW DOES <star/> <star index="2"/></sraix>,sraix.aiml
0,HOW DOES *,*,*,<sraix service="pannous">HOW DOES <star/></sraix>,sraix.aiml
0,HOW OLD *,*,*,<sraix service="pannous">HOW OLD <star/></sraix>,sraix.aiml
0,HOW OLD IS THE EARTH,*,*,<sraix service="pannous">HOW OLD IS THE EARTH</sraix>,sraix.aiml
0,HOW DO *,*,*,<sraix service="pannous">HOW DO <star/></sraix>,sraix.aiml
0,HOW DO YOU *,*,*,<sraix service="pannous">HOW DO YOU <star/></sraix>,sraix.aiml
0,HOW DO YOU EAT *,*,*,<sraix service="pannous">HOW DO YOU EAT <star/></sraix>,sraix.aiml
0,HOW DO YOU MAKE A *,*,*,<sraix service="pannous">HOW DO YOU MAKE A <star/></sraix>,sraix.aiml
0,HOW DO YOU MAKE *,*,*,<sraix service="pannous">HOW DO YOU MAKE <star/></sraix>,sraix.aiml
0,HOW DO YOU GET *,*,*,<sraix service="pannous">HOW DO YOU GET <star/></sraix>,sraix.aiml
0,HOW DO YOU GET RID OF *,*,*,<sraix service="pannous">HOW DO YOU GET RID OF <star/></sraix>,sraix.aiml
0,HOW DO YOU COOK *,*,*,<sraix service="pannous">HOW DO YOU COOK <star/></sraix>,sraix.aiml
0,HOW DO I FIND *,*,*,<sraix service="pannous">HOW DO I FIND <star/></sraix>,sraix.aiml
0,HOW DO I MAKE MY *,*,*,<sraix service="pannous">HOW DO I MAKE MY <star/></sraix>,sraix.aiml
0,HOW DO I MAKE A *,*,*,<sraix service="pannous">HOW DO I MAKE A <star/></sraix>,sraix.aiml
0,HOW DO I GET *,*,*,<sraix service="pannous">HOW DO I GET <star/></sraix>,sraix.aiml
0,HOW DO I *,*,*,<sraix service="pannous">HOW TO <star/></sraix>,sraix.aiml
0,HOW DO I TELL *,*,*,<sraix service="pannous">HOW DO I TELL <star/></sraix>,sraix.aiml
0,HOW FAST *,*,*,<sraix service="pannous">HOW FAST <star/></sraix>,sraix.aiml
0,HOW FAST IS A *,*,*,<sraix service="pannous">HOW FAST IS A <star/></sraix>,sraix.aiml
0,HOW FAST IS *,*,*,<sraix service="pannous">HOW FAST IS <star/></sraix>,sraix.aiml
0,HOW FAR AWAY IS *,*,*,<sraix service="pannous">HOW FAR AWAY IS <star/></sraix>,sraix.aiml
0,HOW FAR AWAY IS THE MOON,*,*,<sraix service="pannous">HOW FAR AWAY IS THE MOON</sraix>,sraix.aiml
0,HOW FAR AWAY IS THE SUN,*,*,<sraix service="pannous">HOW FAR AWAY IS THE SUN</sraix>,sraix.aiml
0,HOW FAR *,*,*,<sraix service="pannous">HOW FAR <star/></sraix>,sraix.aiml
0,HOW FAR IS THE MOON,*,*,<sraix service="pannous">HOW FAR IS THE MOON</sraix>,sraix.aiml
0,HOW FAR IS THE *,*,*,<sraix service="pannous">HOW FAR IS THE <star/></sraix>,sraix.aiml
0,HOW FAR IS IT TO THE MOON,*,*,<sraix service="pannous">HOW FAR IS IT TO THE MOON</sraix>,sraix.aiml
0,HOW DID *,*,*,<sraix service="pannous">HOW DID <star/></sraix>,sraix.aiml
0,HOW MANY DAYS *,*,*,<sraix service="pannous">HOW MANY DAYS <star/></sraix>,sraix.aiml
0,HOW MANY FEET ARE IN A MILE,*,*,<sraix service="pannous">HOW MANY FEET ARE IN A MILE</sraix>,sraix.aiml
0,HOW MANY FEET *,*,*,<sraix service="pannous">HOW MANY FEET <star/></sraix>,sraix.aiml
0,HOW MANY MORE *,*,*,<sraix service="pannous">HOW MANY MORE <star/></sraix>,sraix.aiml
0,HOW MANY *,*,*,<sraix service="pannous">HOW MANY <star/></sraix>,sraix.aiml
0,HOW MANY CALORIES ARE IN *,*,*,<sraix service="pannous">HOW MANY CALORIES ARE IN <star/></sraix>,sraix.aiml
0,HOW MANY CALORIES IN A *,*,*,<sraix service="pannous">HOW MANY CALORIES IN A <star/></sraix>,sraix.aiml
0,HOW MANY CALORIES *,*,*,<sraix service="pannous">HOW MANY CALORIES <star/></sraix>,sraix.aiml
0,HOW MANY TIMES *,*,*,<sraix service="pannous">HOW MANY TIMES <star/></sraix>,sraix.aiml
0,HOW MANY PEOPLE *,*,*,<sraix service="pannous">HOW MANY PEOPLE <star/></sraix>,sraix.aiml
0,HOW MANY YEARS *,*,*,<sraix service="pannous">HOW MANY YEARS <star/></sraix>,sraix.aiml
0,HOW MANY MILES *,*,*,<sraix service="pannous">HOW MANY MILES <star/></sraix>,sraix.aiml
0,HOW MANY HOURS *,*,*,<sraix service="pannous">HOW MANY HOURS <star/></sraix>,sraix.aiml
0,HOW CAN A *,*,*,<sraix service="pannous">HOW CAN A <star/></sraix>,sraix.aiml
0,HOW CAN WE *,*,*,<sraix service="pannous">HOW CAN WE <star/></sraix>,sraix.aiml
0,HOW CAN *,*,*,<sraix service="pannous">HOW CAN <star/></sraix>,sraix.aiml
0,HOW CAN YOU *,*,*,<sraix service="pannous">HOW CAN YOU <star/></sraix>,sraix.aiml
0,HOW CAN YOU TELL *,*,*,<sraix service="pannous">HOW CAN YOU TELL <star/></sraix>,sraix.aiml
0,HOW CAN I MAKE *,*,*,<sraix service="pannous">HOW CAN I MAKE <star/></sraix>,sraix.aiml
0,HOW CAN I DO *,*,*,<sraix service="pannous">HOW CAN I DO <star/></sraix>,sraix.aiml
0,HOW CAN I IMPROVE MY ENGLISH,*,*,<sraix service="pannous">HOW CAN I IMPROVE MY ENGLISH</sraix>,sraix.aiml
0,HOW CAN I IMPROVE MY *,*,*,<sraix service="pannous">HOW CAN I IMPROVE MY <star/></sraix>,sraix.aiml
0,HOW CAN I GET MY *,*,*,<sraix service="pannous">HOW CAN I GET MY <star/></sraix>,sraix.aiml
0,HOW CAN I GET A *,*,*,<sraix service="pannous">HOW CAN I GET A <star/></sraix>,sraix.aiml
0,HOW CAN I GO TO *,*,*,<sraix service="pannous">HOW CAN I GO TO <star/></sraix>,sraix.aiml
0,HOW CAN I *,*,*,<sraix service="pannous">HOW CAN I <star/></sraix>,sraix.aiml
0,HOW CAN I KILL *,*,*,<sraix service="pannous">HOW CAN I KILL <star/></sraix>,sraix.aiml
0,HOW COULD I *,*,*,<sraix service="pannous">HOW COULD I <star/></sraix>,sraix.aiml
0,HOW ARE *,*,*,<sraix service="pannous">HOW ARE <star/></sraix>,sraix.aiml
0,HOW ARE THE *,*,*,<sraix service="pannous">HOW ARE THE <star/></sraix>,sraix.aiml
0,HOW *,*,*,<sraix service="pannous">HOW <star/></sraix>,sraix.aiml
0,HOW HIGH IS *,*,*,<sraix service="pannous">HOW HIGH IS <star/></sraix>,sraix.aiml
0,HOW DEEP IS THE *,*,*,<sraix service="pannous">HOW DEEP IS THE <star/></sraix>,sraix.aiml
0,HOW IS *,*,*,<sraix service="pannous">HOW IS <star/></sraix>,sraix.aiml
0,HOW IS THE WEATHER,*,*,<sraix service="pannous">HOW IS THE WEATHER</sraix>,sraix.aiml
0,HOW IS THE WEATHER *,*,*,<sraix service="pannous">HOW IS THE WEATHER <star/></sraix>,sraix.aiml
0,HOW IS THE WEATHER LIKE TODAY IN NEW DELHI,*,*,<sraix service="pannous">HOW IS THE WEATHER LIKE TODAY IN NEW DELHI</sraix>,sraix.aiml
0,HOW IS THE WEATHER LIKE TODAY IN *,*,*,<sraix service="pannous">HOW IS THE WEATHER LIKE TODAY IN <star/></sraix>,sraix.aiml
0,HOW TALL *,*,*,<sraix service="pannous">HOW TALL <star/></sraix>,sraix.aiml
0,HOW TALL IS *,*,*,<sraix service="pannous">HOW TALL IS <star/></sraix>,sraix.aiml
0,HOW TALL IS THE *,*,*,<sraix service="pannous">HOW TALL IS THE <star/></sraix>,sraix.aiml
0,HOW LONG DO *,*,*,<sraix service="pannous">HOW LONG DO <star/></sraix>,sraix.aiml
0,HOW LONG WILL I LIVE,*,*,<sraix service="pannous">HOW LONG WILL I LIVE</sraix>,sraix.aiml
0,HOW LONG *,*,*,<sraix service="pannous">HOW LONG <star/></sraix>,sraix.aiml
0,HOW LONG WOULD *,*,*,<sraix service="pannous">HOW LONG WOULD <star/></sraix>,sraix.aiml
0,HOW LONG IS *,*,*,<sraix service="pannous">HOW LONG IS <star/></sraix>,sraix.aiml
0,HOW LONG IS THE *,*,*,<sraix service="pannous">HOW LONG IS THE <star/></sraix>,sraix.aiml
0,HOW LONG IS IT *,*,*,<sraix service="pannous">HOW LONG IS IT <star/></sraix>,sraix.aiml
0,HOW LONG DOES IT TAKE *,*,*,<sraix service="pannous">HOW LONG DOES IT TAKE <star/></sraix>,sraix.aiml
0,HOW LONG DOES IT TAKE TO *,*,*,<sraix service="pannous">HOW LONG DOES IT TAKE TO <star/></sraix>,sraix.aiml
0,HOW MUCH ARE *,*,*,<sraix service="pannous">HOW MUCH ARE <star/></sraix>,sraix.aiml
0,HOW MUCH MONEY *,*,*,<sraix service="pannous">HOW MUCH MONEY <star/></sraix>,sraix.aiml
0,HOW MUCH MONEY DOES *,*,*,<sraix service="pannous">HOW MUCH MONEY DOES <star/></sraix>,sraix.aiml
0,HOW MUCH *,*,*,<sraix service="pannous">HOW MUCH <star/></sraix>,sraix.aiml
0,HOW MUCH IS A *,*,*,<sraix service="pannous">HOW MUCH IS A <star/></sraix>,sraix.aiml
0,HOW MUCH IS THE *,*,*,<sraix service="pannous">HOW MUCH IS THE <star/></sraix>,sraix.aiml
0,HOW MUCH DOES A *,*,*,<sraix service="pannous">HOW MUCH DOES A <star/></sraix>,sraix.aiml
0,HOW MUCH DOES *,*,*,<sraix service="pannous">HOW MUCH DOES <star/></sraix>,sraix.aiml
0,HOW BIG ARE *,*,*,<sraix service="pannous">HOW BIG ARE <star/></sraix>,sraix.aiml
0,HOW BIG IS *,*,*,<sraix service="pannous">HOW BIG IS <star/></sraix>,sraix.aiml
0,HOW BIG IS THE *,*,*,<sraix service="pannous">HOW BIG IS THE <star/></sraix>,sraix.aiml
0,IN WHICH *,*,*,<sraix service="pannous">IN WHICH <star/></sraix>,sraix.aiml
0,WHAT WORD *,*,*,<sraix service="pannous">WHAT WORD <star/></sraix>,sraix.aiml
0,WERE *,*,*,<sraix service="pannous">WERE <star/></sraix>,sraix.aiml
0,WHAT TYPE OF *,*,*,<sraix service="pannous">WHAT TYPE OF <star/></sraix>,sraix.aiml
0,WHO INVENTED THE *,*,*,<sraix service="pannous">WHO INVENTED THE <star/></sraix>,sraix.aiml
0,WHICH IS THE BEST *,*,*,<sraix service="pannous">WHICH IS THE BEST <star/></sraix>,sraix.aiml
0,SPORTS *,*,*,<sraix service="pannous">WHAT IS THE LATEST SPORTS <star/></sraix>,sraix.aiml
0,SET * ALARM *,*,*,<sraix service="pannous">SET <star/> ALARM <star index="2"/></sraix>,sraix.aiml
0,WHAT IS THE WEATHER FORECAST,*,*,<sraix service="pannous">WHAT IS THE WEATHER FORECAST</sraix>,sraix.aiml
0,WEATHER FOR *,*,*,<sraix service="pannous">WHAT IS THE WEATHER FOR <star/></sraix>,sraix.aiml
0,HOW MUCH DO * COST,*,*,<sraix service="pannous">HOW MUCH DO <star/> COST</sraix>,sraix.aiml
0,HOW DO I MAKE *,*,*,<sraix service="pannous">HOW DO I MAKE <star/></sraix>,sraix.aiml
0,WHAT DAY *,*,*,<sraix service="pannous">WHAT DAY <star/></sraix>,sraix.aiml
0,WHEN WAS THE *,*,*,<sraix service="pannous">WHEN WAS THE <star/></sraix>,sraix.aiml
0,WHAT COLOR IS *,*,*,<sraix service="pannous">WHAT COLOR IS <star/></sraix>,sraix.aiml
0,HOW OLD IS THE *,*,*,<sraix service="pannous">HOW OLD IS THE <star/></sraix>,sraix.aiml
0,WHO SAID *,*,*,<sraix service="pannous">WHO SAID <star/></sraix>,sraix.aiml
0,WHERE IN *,*,*,<sraix service="pannous">WHERE IN <star/></sraix>,sraix.aiml
0,WHAT IS A,*,*,<sraix service="pannous">WHAT IS A</sraix>,sraix.aiml
0,WHAT TO DO *,*,*,<sraix service="pannous">WHAT TO DO <star/></sraix>,sraix.aiml
0,DID THE *,*,*,<sraix service="pannous">DID THE <star/></sraix>,sraix.aiml
0,WHAT IS THE,*,*,<sraix service="pannous">WHAT IS THE</sraix>,sraix.aiml
0,HOW MANY CALORIES ARE IN A *,*,*,<sraix service="pannous">HOW MANY CALORIES ARE IN A <star/></sraix>,sraix.aiml
0,WHAT BOOK *,*,*,<sraix service="pannous">WHAT BOOK <star/></sraix>,sraix.aiml
0,WHY DID THEY *,*,*,<sraix service="pannous">WHY DID THEY <star/></sraix>,sraix.aiml
0,WHICH IS *,*,*,<sraix service="pannous">WHICH IS <star/></sraix>,sraix.aiml
0,WHEN DOES THE *,*,*,<sraix service="pannous">WHEN DOES THE <star/></sraix>,sraix.aiml
0,WHAT CAN I DO *,*,*,<sraix service="pannous">WHAT CAN I DO <star/></sraix>,sraix.aiml
0,HOW OLD ARE *,*,*,<sraix service="pannous">HOW OLD ARE <star/></sraix>,sraix.aiml
0,CONVERT *,*,*,<sraix service="pannous">CONVERT <star/></sraix>,sraix.aiml
0,WHEN IS THE NEXT *,*,*,<sraix service="pannous">WHEN IS THE NEXT <star/></sraix>,sraix.aiml
0,WHAT IS THE LARGEST *,*,*,<sraix service="pannous">WHAT IS THE LARGEST <star/></sraix>,sraix.aiml
0,WHAT MOVIES ARE *,*,*,<sraix service="pannous">WHAT MOVIES ARE <star/></sraix>,sraix.aiml
0,HOW MANY STARS *,*,*,<sraix service="pannous">HOW MANY STARS <star/></sraix>,sraix.aiml
0,WHAT DO THE *,*,*,<sraix service="pannous">WHAT DO THE <star/></sraix>,sraix.aiml
0,WHAT IS ON TV TONIGHT,*,*,<sraix service="pannous">WHAT IS ON TV TONIGHT</sraix>,sraix.aiml
0,WHAT IS THE SCORE OF THE *,*,*,<sraix service="pannous">WHAT IS THE SCORE OF THE <star/></sraix>,sraix.aiml
0,WHAT IS THE PRICE OF GOLD,*,*,<sraix service="pannous">WHAT IS THE PRICE OF GOLD</sraix>,sraix.aiml
0,WHO WON *,*,*,<sraix service="pannous">WHO WON <star/></sraix>,sraix.aiml
0,WHERE WAS THE *,*,*,<sraix service="pannous">WHERE WAS THE <star/></sraix>,sraix.aiml
0,WHO HAS THE BEST *,*,*,<sraix service="pannous">WHO HAS THE BEST <star/></sraix>,sraix.aiml
0,HOW IS <SET>ARTICLE</SET> *,*,*,<sraix service="pannous">HOW IS A <star/></sraix>,sraix.aiml
0,WHAT IS THE LONGEST *,*,*,<sraix service="pannous">WHAT IS THE LONGEST <star/></sraix>,sraix.aiml
0,WHAT IS THE HARDEST *,*,*,<sraix service="pannous">WHAT IS THE HARDEST <star/></sraix>,sraix.aiml
0,WHO IS DAVID CAMERON,*,*,<sraix service="pannous">WHO IS DAVID CAMERON</sraix>,sraix.aiml
0,WHAT MAKES *,*,*,<sraix service="pannous">WHAT MAKES <star/></sraix>,sraix.aiml
0,WHO CREATED *,*,*,<sraix service="pannous">WHO CREATED <star/></sraix>,sraix.aiml
0,WHAT MAKES A *,*,*,<sraix service="pannous">WHAT MAKES A <star/></sraix>,sraix.aiml
0,WHAT IS THE RECIPE FOR *,*,*,<sraix service="pannous">WHAT IS THE RECIPE FOR <star/></sraix>,sraix.aiml
0,HOW OLD IS BARACK OBAMA,*,*,<sraix service="pannous">HOW OLD IS BARACK OBAMA</sraix>,sraix.aiml
0,HOW DO YOU PLAY *,*,*,<sraix service="pannous">HOW DO YOU PLAY <star/></sraix>,sraix.aiml
0,WHO IS BOB *,*,*,<sraix service="pannous">WHO IS BOB <star/></sraix>,sraix.aiml
0,IS THERE AN *,*,*,<sraix service="pannous">IS THERE AN <star/></sraix>,sraix.aiml
0,IS THE *,*,*,<sraix service="pannous">IS THE <star/></sraix>,sraix.aiml
0,WHAT NEW *,*,*,<sraix service="pannous">WHAT NEW <star/></sraix>,sraix.aiml
0,WHAT COLOR IS A *,*,*,<sraix service="pannous">WHAT COLOR IS A <star/></sraix>,sraix.aiml
0,HOW MUCH CAFFEINE IS IN *,*,*,<sraix service="pannous">HOW MUCH CAFFEINE IS IN <star/></sraix>,sraix.aiml
0,HOW MANY MOONS *,*,*,<sraix service="pannous">HOW MANY MOONS <star/></sraix>,sraix.aiml
0,WHO IS THE PRIME MINISTER OF INDIA,*,*,<sraix service="pannous">WHO IS THE PRIME MINISTER OF INDIA</sraix>,sraix.aiml
0,WHY DO WE *,*,*,<sraix service="pannous">WHY DO WE <star/></sraix>,sraix.aiml
0,HOW DO YOU FIND *,*,*,<sraix services="pannous">HOW DO YOU FIND <star/></sraix>,sraix.aiml
