0,SAY *,*,*,<star/>,_inmoovChatbot.aiml
0,FIRST_INIT,*,*,<think>#Newline        <set name="firstinit">started</set>#Newline      </think>#Newline      <think>#Newline        <set name="topic">firstinit</set>#Newline      </think>#Newline      Hello#Comma This is my first initialisation. I need some informations#Comma I am listening#Comma what is my name ?,_inmoovChatbot.aiml
0,#,# WHAT IS MY NAME #,FIRSTINIT,<set name="questionfirstinit">#Newline          if my name is#Newline          <star/>#Newline          #Comma say yes or no#Newline        </set>#Newline        <think>#Newline          <set name="tmpname">#Newline            <star/>#Newline          </set>#Newline        </think>,_inmoovChatbot.aiml
0,#,# MAY I HAVE YOUR NAME #,FIRSTINIT,<set name="questionfirstinit">#Newline          if your name is#Newline          <star/>#Newline          #Comma say yes or no#Newline        </set>#Newline        <think>#Newline          <set name="tmpname">#Newline            <star/>#Newline          </set>#Newline        </think>,_inmoovChatbot.aiml
0,# YES #,# IF MY NAME IS #,FIRSTINIT,<random>#Newline          <li>#Newline            I like this name #Comma#Newline            <get name="tmpname"/>#Newline            .#Newline          </li>#Newline          <li>#Newline            Very nice name#Comma#Newline            <get name="tmpname"/>#Newline            is great.#Newline          </li>#Newline        </random>#Newline        I need to know you#Comma I am listening#Comma may I have your name ?#Newline        <think>#Newline          <set name="botname">#Newline            <get name="tmpname"/>#Newline          </set>#Newline        </think>,_inmoovChatbot.aiml
0,# YES #,# IF YOUR NAME #,FIRSTINIT,<random>#Newline          <li>#Newline            I am glad to know you#Comma#Newline            <get name="tmpname"/>#Newline            .#Newline          </li>#Newline          <li>#Newline            Nice to meet you#Comma#Newline            <get name="tmpname"/>#Newline            .#Newline          </li>#Newline        </random>#Newline#Newline        <think>#Newline          <set name="name">#Newline            <get name="tmpname"/>#Newline          </set>#Newline          <set name="firstinit">ok</set>#Newline          <set name="topic">default</set>#Newline        </think>#Newline        <oob>#Newline          <mrl>#Newline            <service>python</service>#Newline            <method>exec</method>#Newline            <param>#Newline              chatBot.setUsername(u"#Newline              <get name="tmpname"/>#Newline              ")#Newline            </param>#Newline          </mrl>#Newline        </oob>#Newline        <srai>WAKE_UP</srai>,_inmoovChatbot.aiml
0,# NO #,# IF MY NAME IS #,FIRSTINIT,We restart.#Newline	I am listening. what is my name ?,_inmoovChatbot.aiml
0,# NO #,# IF YOUR NAME #,FIRSTINIT,We restart.#Newline	I am listening. may I have your name ?,_inmoovChatbot.aiml
0,#,# SAY YES OR NO #,FIRSTINIT,<random>#Newline          <li>#Newline	Please#Comma answer my question#Comma it is important#Newline	</li>#Newline          <li>#Newline	I repeat.#Newline	</li>#Newline        </random>#Newline        <get name="questionfirstinit"/>,_inmoovChatbot.aiml
0,AUDIO TEST,*,*,<oob>#Newline        <mrl>#Newline          <service>AudioPlayer</service>#Newline          <method>play</method>#Newline          <param>InMoov\system\sounds\startupsound.mp3</param>#Newline        </mrl>#Newline      </oob>,_inmoovChatbot.aiml
0,WAKE_UP,*,*,<li>#Newline        <srai>HI</srai>#Newline        <random>#Newline          <li>I am ready and listening.</li>#Newline          <li>What can I do for you.</li>#Newline          <li>How can I help you.</li>#Newline        </random>#Newline      </li>,_inmoovChatbot.aiml
0,SYSTEM_SAY_HELLO,*,*,<srai>HI</srai>,_inmoovChatbot.aiml
0,WAKE UP,*,*,<oob>#Newline        <mrl>#Newline          <service>python</service>#Newline          <method>exec</method>#Newline          <param>sleepModeWakeUp()</param>#Newline        </mrl>#Newline      </oob>,_inmoovChatbot.aiml
0,SHUTDOWN,*,*,<oob>#Newline        <mrl>#Newline          <service>python</service>#Newline          <method>exec</method>#Newline          <param>shutdown()</param>#Newline        </mrl>#Newline      </oob>,_inmoovChatbot.aiml
0,SHUT DOWN,*,*,<srai>SHUTDOWN</srai>,_inmoovChatbot.aiml
0,GO TO SLEEP,*,*,<oob>#Newline        <mrl>#Newline          <service>python</service>#Newline          <method>exec</method>#Newline          <param>sleepModeSleep()</param>#Newline        </mrl>#Newline      </oob>,_inmoovChatbot.aiml
0,DISABLE,*,*,<oob>#Newline        <mrl>#Newline          <service>python</service>#Newline          <method>exec</method>#Newline          <param>disable()</param>#Newline        </mrl>#Newline      </oob>,_inmoovChatbot.aiml
0,WHAT IS THE TOPIC,*,*,The topic is#Newline      <get name="topic"/>,_inmoovChatbot.aiml
0,BOOT UP MODE,*,*,Entering into the boot up topic.#Newline      <think>#Newline        <set name="topic">BOOTUP</set>#Newline      </think>,_inmoovChatbot.aiml
0,GESTURES,*,*,Entering into the gestures topic.#Newline      <think>#Newline        <set name="topic">GESTURES</set>#Newline      </think>,_inmoovChatbot.aiml
0,GESTURES *,*,*,<srai>GESTURES</srai>,_inmoovChatbot.aiml
0,* GESTURES,*,*,<srai>GESTURES</srai>,_inmoovChatbot.aiml
0,* GESTURES *,*,*,<srai>GESTURES</srai>,_inmoovChatbot.aiml
0,DETACH ALL,*,*,Detach All#Newline      <oob>#Newline        <mrl>#Newline          <service>i01</service>#Newline          <method>disable</method>#Newline        </mrl>#Newline      </oob>,_inmoovChatbot.aiml
0,DETACH EVERYTHING,*,*,<srai>DETACH ALL</srai>,_inmoovChatbot.aiml
0,ATTACH ALL,*,*,Attaching all#Newline      <oob>#Newline        <mrl>#Newline          <service>i01</service>#Newline          <method>enable</method>#Newline        </mrl>#Newline      </oob>,_inmoovChatbot.aiml
0,ATTACH YOUR RIGHT HAND,*,*,<srai>ATTACH RIGHT HAND</srai>,_inmoovChatbot.aiml
0,DETACH RIGHT HAND,*,*,Detaching my right hand#Newline      <oob>#Newline        <mrl>#Newline          <service>i01.rightHand</service>#Newline          <method>disable</method>#Newline        </mrl>#Newline      </oob>,_inmoovChatbot.aiml
0,DISCONNECT YOUR RIGHT HAND,*,*,<srai>DETACH RIGHT HAND</srai>,_inmoovChatbot.aiml
0,ATTACH YOUR LEFT HAND,*,*,<srai>ATTACH LEFT HAND</srai>,_inmoovChatbot.aiml
0,DETACH LEFT HAND,*,*,Detaching my left hand#Newline      <oob>#Newline        <mrl>#Newline          <service>i01.leftHand</service>#Newline          <method>disable</method>#Newline        </mrl>#Newline      </oob>,_inmoovChatbot.aiml
0,DISCONNECT YOUR LEFT HAND,*,*,<srai>DETACH LEFT HAND</srai>,_inmoovChatbot.aiml
0,ATTACH YOUR HEAD,*,*,<srai>ATTACH HEAD</srai>,_inmoovChatbot.aiml
0,DETACH HEAD,*,*,Detaching my head#Newline      <oob>#Newline        <mrl>#Newline          <service>i01.head</service>#Newline          <method>disable</method>#Newline        </mrl>#Newline      </oob>,_inmoovChatbot.aiml
0,ATTACH YOUR RIGHT ARM,*,*,<srai>ATTACH RIGHT ARM</srai>,_inmoovChatbot.aiml
0,DETACH RIGHT ARM,*,*,Detaching my right arm#Newline      <oob>#Newline        <mrl>#Newline          <service>i01.rightArm</service>#Newline          <method>disable</method>#Newline        </mrl>#Newline      </oob>,_inmoovChatbot.aiml
0,ATTACH YOUR LEFT ARM,*,*,<srai>ATTACH LEFT ARM</srai>,_inmoovChatbot.aiml
0,DETACH LEFT ARM,*,*,Detaching my left arm#Newline      <oob>#Newline        <mrl>#Newline          <service>i01.leftArm</service>#Newline          <method>disable</method>#Newline        </mrl>#Newline      </oob>,_inmoovChatbot.aiml
0,ATTACH YOUR TORSO,*,*,<srai>ATTACH TORSO</srai>,_inmoovChatbot.aiml
0,DETACH TORSO,*,*,Detaching my torso#Newline      <oob>#Newline        <mrl>#Newline          <service>i01.torso</service>#Newline          <method>disable</method>#Newline        </mrl>#Newline      </oob>,_inmoovChatbot.aiml
0,COPY,*,*,<oob>#Newline        <mrl>#Newline          <service>python</service>#Newline          <method>exec</method>#Newline          <param>copy()</param>#Newline        </mrl>#Newline      </oob>,_inmoovChatbot.aiml
0,COPYING,*,*,Copying gestures.,_inmoovChatbot.aiml
0,OFF,*,*,Copying off.,_inmoovChatbot.aiml
0,PREVIEW,*,*,Previewing generated gesture.,_inmoovChatbot.aiml
0,SAVE,*,*,Would you like to save this gesture?,_inmoovChatbot.aiml
0,NO,# WOULD YOU LIKE TO SAVE THIS #,*,Okay.#Newline      <oob>#Newline        <mrl>#Newline          <service>python</service>#Newline          <method>exec</method>#Newline          <param>rest()</param>#Newline        </mrl>#Newline      </oob>,_inmoovChatbot.aiml
0,YES,# WOULD YOU LIKE TO SAVE THIS #,*,How would you like to name this gesture?,_inmoovChatbot.aiml
0,#,# HOW WOULD YOU LIKE TO NAME #,*,<think>#Newline        <set name="generatedname">#Newline          <star/>#Newline        </set>#Newline      </think>#Newline      <oob>#Newline        <mrl>#Newline          <service>python</service>#Newline          <method>exec</method>#Newline          <param>checkgesture("<get name="generatedname"/>")</param>#Newline        </mrl>#Newline      </oob>,_inmoovChatbot.aiml
0,NAME ALREADY EXISTS,*,*,This name already exist. How would you like to name this gesture?,_inmoovChatbot.aiml
0,NAME DOES NOT EXIST,*,*,If you'd like to name this gesture <get name="generatedname"/>#Comma say yes or no,_inmoovChatbot.aiml
0,NO,# LIKE TO NAME THIS GESTURE #,*,Okay.#Newline      <oob>#Newline        <mrl>#Newline          <service>python</service>#Newline          <method>exec</method>#Newline          <param>rest()</param>#Newline        </mrl>#Newline      </oob>,_inmoovChatbot.aiml
0,YES,# LIKE TO NAME THIS GESTURE #,*,<oob>#Newline        <mrl>#Newline          <service>python</service>#Newline          <method>exec</method>#Newline          <param>creategesture("<get name="generatedname"/>")</param>#Newline        </mrl>#Newline      </oob>,_inmoovChatbot.aiml
0,GESTURE CREATED,*,*,Gesture created.#Newline      <oob>#Newline        <mrl>#Newline          <service>python</service>#Newline          <method>exec</method>#Newline          <param>rest()</param>#Newline        </mrl>#Newline      </oob>#Newline      <srai>RELOAD</srai>,_inmoovChatbot.aiml
0,RELOAD,*,*,Reloading aiml files. Please wait.#Newline      <oob>#Newline        <mrl>#Newline          <service>python</service>#Newline          <method>exec</method>#Newline          <param>aimlreload()</param>#Newline        </mrl>   #Newline      </oob>,_inmoovChatbot.aiml
