0,# FORECAST,*,*,<oob>#Newline        <mrl>#Newline          <service>python</service>#Newline          <method>exec</method>#Newline          <param>isTheSunShiny()</param>#Newline        </mrl>#Newline      </oob>,_inmoovWeather.aiml
0,WHAT IS THE FORECAST,*,*,<srai># forecast</srai>,_inmoovWeather.aiml
0,# FORECAST # $TOMORROW,*,*,<oob>#Newline        <mrl>#Newline          <service>python</service>#Newline          <method>exec</method>#Newline          <param>isTheSunShiny(town#Comma8)</param>#Newline        </mrl>#Newline      </oob>,_inmoovWeather.aiml
0,# FORECAST # IN * $DAYS,*,*,<think><set name="nbdays"><map name="name2number"><star index="3"/></map></set></think>#Newline        <condition>#Newline            <li name="nbdays" value="unknown"><think><set name="nbdays"><star index="3"/></set></think></li>#Newline        </condition>#Newline       <oob>#Newline        <mrl>#Newline          <service>python</service>#Newline          <method>exec</method>#Newline          <param>isTheSunShiny(town#Comma<javascript>#Newlineperiod = eval( <get name="nbdays"/> * 8 );#Newlineperiod;#Newline</javascript>)</param>#Newline        </mrl>#Newline      </oob>,_inmoovWeather.aiml
0,# FORECAST $IN * $IN * $DAYS,*,*,<think><set name="nbdays"><map name="name2number"><star index="3"/></map></set></think>#Newline        <condition>#Newline            <li name="nbdays" value="unknown"><think><set name="nbdays"><star index="3"/></set></think></li>#Newline        </condition>#Newline       <oob>#Newline        <mrl>#Newline          <service>python</service>#Newline          <method>exec</method>#Newline          <param>isTheSunShiny("<star index="2"/>"#Comma<javascript>#Newlineperiod = eval( <get name="nbdays"/> * 8 );#Newlineperiod;#Newline</javascript>)</param>#Newline        </mrl>#Newline      </oob>,_inmoovWeather.aiml
0,# FORECAST $IN *,*,*,<oob>#Newline        <mrl>#Newline          <service>python</service>#Newline          <method>exec</method>#Newline          <param>isTheSunShiny("<star index="2"/>")</param>#Newline        </mrl>#Newline      </oob>,_inmoovWeather.aiml
0,SYSTEM METEO CURTEMPERATURE * TOWN * COMMENTAIRE *,*,*,<think><set name="meteo"> <star index="3"/></set></think>#Newline                <random>#Newline                <li>In <star index="2"/>#Comma </li>#Newline                <li>About the forecast in <star index="2"/>#Comma </li>#Newline                </random>#Newline                <random>#Newline                <li>I think there will be#Comma </li>#Newline                <li>I shall say#Comma it is#Comma </li>#Newline                </random>#Newline                #Newline                <condition>#Newline                <li name="meteo" value="200">thunderstorm with light rain</li>#Newline                <li name="meteo" value="201">thunderstorm with rain</li>#Newline                <li name="meteo" value="202">thunderstorm with heavy rain</li>#Newline                <li name="meteo" value="210">light thunderstorm</li>#Newline                <li name="meteo" value="211">thunderstorm</li>#Newline                <li name="meteo" value="212">heavy thunderstorm</li>#Newline                <li name="meteo" value="221">ragged thunderstorm</li>#Newline                <li name="meteo" value="230">thunderstorm with light drizzle</li>#Newline                <li name="meteo" value="231">thunderstorm with drizzle</li>#Newline                <li name="meteo" value="232">thunderstorm with heavy drizzle</li>#Newline                <li name="meteo" value="300">light intensity drizzle</li>#Newline                <li name="meteo" value="301">drizzle</li>#Newline                <li name="meteo" value="302">heavy intensity drizzle</li>#Newline                <li name="meteo" value="310">light intensity drizzle rain</li>#Newline                <li name="meteo" value="311">drizzle rain</li>#Newline                <li name="meteo" value="312">heavy intensity drizzle rain</li>#Newline                <li name="meteo" value="313">shower rain and drizzle</li>#Newline                <li name="meteo" value="314">heavy shower rain and drizzle</li>#Newline                <li name="meteo" value="321">shower drizzle</li>#Newline                <li name="meteo" value="500">light rain</li>#Newline                <li name="meteo" value="501">moderate rain</li>#Newline                <li name="meteo" value="502">heavy intensity rain</li>#Newline                <li name="meteo" value="503">very heavy rain</li>#Newline                <li name="meteo" value="504">extreme rain</li>#Newline                <li name="meteo" value="511">freezing rain</li>#Newline                <li name="meteo" value="520">light intensity shower rain</li>#Newline                <li name="meteo" value="521">shower rain</li>#Newline                <li name="meteo" value="522">heavy intensity shower rain</li>#Newline                <li name="meteo" value="531">ragged shower rain</li>#Newline                <li name="meteo" value="600">light snow</li>#Newline                <li name="meteo" value="601">snow</li>#Newline                <li name="meteo" value="602">heavy snow</li>#Newline                <li name="meteo" value="611">sleet</li>#Newline                <li name="meteo" value="612">shower sleet</li>#Newline                <li name="meteo" value="615">light rain and snow</li>#Newline                <li name="meteo" value="616">rain and snow</li>#Newline                <li name="meteo" value="620">light shower snow</li>#Newline                <li name="meteo" value="621">shower snow</li>#Newline                <li name="meteo" value="622">heavy shower snow</li>#Newline                <li name="meteo" value="701">mist</li>#Newline                <li name="meteo" value="711">smoke</li>#Newline                <li name="meteo" value="721">haze</li>#Newline                <li name="meteo" value="731">sand#Comma dust whirls</li>#Newline                <li name="meteo" value="741">fog</li>#Newline                <li name="meteo" value="751">sand</li>#Newline                <li name="meteo" value="761">dust</li>#Newline                <li name="meteo" value="762">volcanic ash</li>#Newline                <li name="meteo" value="771">squalls</li>#Newline                <li name="meteo" value="781">tornado</li>#Newline                <li name="meteo" value="800">clear sky</li>#Newline                <li name="meteo" value="801">few clouds</li>#Newline                <li name="meteo" value="802">scattered clouds</li>#Newline                <li name="meteo" value="803">broken clouds</li>#Newline                <li name="meteo" value="804">overcast clouds</li>#Newline                <li name="meteo" value="900">tornado</li>#Newline                <li name="meteo" value="901">tropical storm</li>#Newline                <li name="meteo" value="902">hurricane</li>#Newline                <li name="meteo" value="903">cold</li>#Newline                <li name="meteo" value="904">hot</li>#Newline                <li name="meteo" value="905">windy</li>#Newline                <li name="meteo" value="906">hail</li>#Newline                <li name="meteo" value="951">calm</li>#Newline                <li name="meteo" value="952">light breeze</li>#Newline                <li name="meteo" value="953">gentle breeze</li>#Newline                <li name="meteo" value="954">moderate breeze</li>#Newline                <li name="meteo" value="955">fresh breeze</li>#Newline                <li name="meteo" value="956">strong breeze</li>#Newline                <li name="meteo" value="957">high wind#Comma near gale</li>#Newline                <li name="meteo" value="958">gale</li>#Newline                <li name="meteo" value="959">severe gale</li>#Newline                <li name="meteo" value="960">storm</li>#Newline                <li name="meteo" value="961">violent storm</li>#Newline                <li name="meteo" value="962">hurricane</li>#Newline                </condition>#Newline          #Newline                <random>#Newline                <li>About the temperature#Comma </li>#Newline                <li>My thermometer shows #Comma </li>#Newline                </random>#Newline                 <random>#Newline                <li>The mercury level indicates#Comma </li>#Newline                </random>#Newline                <li>#Newline                <star index="1"/> degrees#Newline                </li>#Newline                 <random>#Newline                 <li>Exactly! </li>#Newline                 <li>Or maybe not. </li>#Newline                 </random>,_inmoovWeather.aiml
0,SYSTEM OPENWEATHERMAPERROR,*,*,open weathermap a.p.i. error#Comma or maybe this town is unrecognized.,_inmoovWeather.aiml
