0,REST,*,*,<random>#Newline                                <li>Ah#Comma relaxing.</li>#Newline                                <li>Taking a rest</li>#Newline                        </random>#Newline                        <oob>#Newline                                <mrl>#Newline                                        <service>python</service>#Newline                                        <method>exec</method>#Newline                                        <param>rest()</param>#Newline                                </mrl>#Newline                        </oob>,_inmoovGestures.aiml
0,ATTACH HEAD,*,*,I'm attaching my head.#Newline                        <oob>#Newline                                <mrl>#Newline                                        <service>i01.head</service>#Newline                                        <method>enable</method>#Newline                                </mrl>#Newline                        </oob>,_inmoovGestures.aiml
0,DISCONNECT HEAD,*,*,I'm disconnecting my head.#Newline                        <oob>#Newline                                <mrl>#Newline                                        <service>i01.head</service>#Newline                                        <method>disable</method>#Newline                                </mrl>#Newline                        </oob>,_inmoovGestures.aiml
0,ATTACH EYES,*,*,My eyes are now attached.#Newline                        <oob>#Newline                                <mrl>#Newline                                        <service>i01.head.eyeY</service>#Newline                                        <method>enable</method>#Newline                                </mrl>#Newline                        </oob>,_inmoovGestures.aiml
0,DISCONNECT EYES,*,*,Disconnecting my eye servos#Newline                        <oob>#Newline                                <mrl>#Newline                                        <service>i01.head.eyeY</service>#Newline                                        <method>disable</method>#Newline                                </mrl>#Newline                        </oob>,_inmoovGestures.aiml
0,ATTACH RIGHT HAND,*,*,Connecting my right hand.#Newline                        <oob>#Newline                                <mrl>#Newline                                        <service>i01.rightHand</service>#Newline                                        <method>enable</method>#Newline                                </mrl>#Newline                        </oob>,_inmoovGestures.aiml
0,ATTACHED RIGHT HAND,*,*,<srai>ATTACH RIGHT HAND</srai>,_inmoovGestures.aiml
0,DISCONNECT RIGHT HAND,*,*,Detaching my right hand.#Newline                        <oob>#Newline                                <mrl>#Newline                                        <service>i01.rightHand</service>#Newline                                        <method>disable</method>#Newline                                </mrl>#Newline                        </oob>,_inmoovGestures.aiml
0,ATTACH LEFT HAND,*,*,Connecting my left hand.#Newline                        <oob>#Newline                                <mrl>#Newline                                        <service>i01.leftHand</service>#Newline                                        <method>enable</method>#Newline                                </mrl>#Newline                        </oob>,_inmoovGestures.aiml
0,DISCONNECT LEFT HAND,*,*,Detaching my left hand.#Newline                        <oob>#Newline                                <mrl>#Newline                                        <service>i01.leftHand</service>#Newline                                        <method>disable</method>#Newline                                </mrl>#Newline                        </oob>,_inmoovGestures.aiml
0,ATTACH EVERYTHING,*,*,I'm connecting all servos now.#Newline                        <oob>#Newline                                <mrl>#Newline                                        <service>i01</service>#Newline                                        <method>enable</method>#Newline                                </mrl>#Newline                        </oob>,_inmoovGestures.aiml
0,DISCONNECT EVERYTHING,*,*,I'm detaching everything now.#Newline                        <oob>#Newline                                <mrl>#Newline                                        <service>i01</service>#Newline                                        <method>disable</method>#Newline                                </mrl>#Newline                        </oob>,_inmoovGestures.aiml
0,ATTACH LEFT ARM,*,*,Connecting my left arm.#Newline                        <oob>#Newline                                <mrl>#Newline                                        <service>i01.leftArm</service>#Newline                                        <method>enable</method>#Newline                                </mrl>#Newline                        </oob>,_inmoovGestures.aiml
0,DISCONNECT LEFT ARM,*,*,Detaching my left arm.#Newline                        <oob>#Newline                                <mrl>#Newline                                        <service>i01.leftArm</service>#Newline                                        <method>disable</method>#Newline                                </mrl>#Newline                        </oob>,_inmoovGestures.aiml
0,DISCONNECT YOUR LEFT ARM,*,*,<srai>DISCONNECT LEFT ARM</srai>,_inmoovGestures.aiml
0,DETACH YOUR LEFT ARM,*,*,<srai>DISCONNECT LEFT ARM</srai>,_inmoovGestures.aiml
0,ATTACH RIGHT ARM,*,*,Connect my right arm.#Newline                        <oob>#Newline                                <mrl>#Newline                                        <service>i01.rightArm</service>#Newline                                        <method>enable</method>#Newline                                </mrl>#Newline                        </oob>,_inmoovGestures.aiml
0,ATTACHED RIGHT ARM,*,*,<srai>ATTACH RIGHT ARM</srai>,_inmoovGestures.aiml
0,DISCONNECT RIGHT ARM,*,*,Detach right arm.#Newline                        <oob>#Newline                                <mrl>#Newline                                        <service>i01.rightArm</service>#Newline                                        <method>disable</method>#Newline                                </mrl>#Newline                        </oob>,_inmoovGestures.aiml
0,DISCONNECT YOUR RIGHT ARM,*,*,<srai>DISCONNECT RIGHT ARM</srai>,_inmoovGestures.aiml
0,DETACH YOUR RIGHT ARM,*,*,<srai>DISCONNECT RIGHT ARM</srai>,_inmoovGestures.aiml
0,ATTACH TORSO,*,*,Connecting the servo in my torso.#Newline                        <oob>#Newline                                <mrl>#Newline                                        <service>i01.torso</service>#Newline                                        <method>enable</method>#Newline                                </mrl>#Newline                        </oob>,_inmoovGestures.aiml
0,ATTACHED OR SO,*,*,<srai>ATTACH TORSO</srai>,_inmoovGestures.aiml
0,DISCONNECT TORSO,*,*,Detaching the servo in my torso.#Newline                        <oob>#Newline                                <mrl>#Newline                                        <service>i01.torso</service>#Newline                                        <method>disable</method>#Newline                                </mrl>#Newline                        </oob>,_inmoovGestures.aiml
0,DISCONNECT OR SO,*,*,<srai>DISCONNECT TORSO</srai>,_inmoovGestures.aiml
0,ATTACH JAW,*,*,Connecting my jaw.#Newline                        <oob>#Newline                                <mrl>#Newline                                        <service>i01.head.jaw</service>#Newline                                        <method>enable</method>#Newline                                </mrl>#Newline                        </oob>,_inmoovGestures.aiml
0,DISCONNECT JAW,*,*,Detaching my jaw servo.#Newline                        <oob>#Newline                                <mrl>#Newline                                        <service>i01.head.jaw</service>#Newline                                        <method>disable</method>#Newline                                </mrl>#Newline                        </oob>,_inmoovGestures.aiml
0,ATTACH WHEEL,*,*,I don't have a wheel to attach#Comma sorry.#Newline                        <oob>#Newline                                <mrl>#Newline                                        <service>forwardServo</service>#Newline                                        <method>enable</method>#Newline                                </mrl>#Newline                                <mrl>#Newline                                        <service>directionServo</service>#Newline                                        <method>enable</method>#Newline                                </mrl>#Newline                        </oob>,_inmoovGestures.aiml
0,DISCONNECT WHEEL,*,*,I don't have a wheel.#Newline                        <oob>#Newline                                <mrl>#Newline                                        <service>directionServo</service>#Newline                                        <method>disable</method>#Newline                                </mrl>#Newline                                <mrl>#Newline                                        <service>forwardServo</service>#Newline                                        <method>disable</method>#Newline                                </mrl>#Newline                        </oob>,_inmoovGestures.aiml
0,SEARCH HUMANS,*,*,I'm looking for faces.#Newline                        <oob>#Newline                                <mrl>#Newline                                        <service>python</service>#Newline                                        <method>exec</method>#Newline                                        <param>trackHumans()</param>#Newline                                </mrl>#Newline                        </oob>,_inmoovGestures.aiml
0,FACE DETECTION,*,*,I'm looking for faces.#Newline                        <oob>#Newline                                <mrl>#Newline                                        <service>python</service>#Newline                                        <method>exec</method>#Newline                                        <param>trackHumans(False)</param>#Newline                                </mrl>#Newline                        </oob>,_inmoovGestures.aiml
0,LOOK AT ME,*,*,Where are you#Comma there you are.#Newline                        <srai>SEARCH HUMANS</srai>,_inmoovGestures.aiml
0,QUIT SEARCH,*,*,Stopping my search.#Newline                        <oob>#Newline                                <mrl>#Newline                                        <service>python</service>#Newline                                        <method>exec</method>#Newline                                        <param>stopTracking()</param>#Newline                                </mrl>#Newline                        </oob>,_inmoovGestures.aiml
0,TRACK,*,*,Following the point.#Newline                        <oob>#Newline                                <mrl>#Newline                                        <service>python</service>#Newline                                        <method>exec</method>#Newline                                        <param>trackPoint()</param>#Newline                                </mrl>#Newline                        </oob>,_inmoovGestures.aiml
0,FREEZE TRACK,*,*,Stopping my tracking#Newline                        <oob>#Newline                                <mrl>#Newline                                        <service>python</service>#Newline                                        <method>exec</method>#Newline                                        <param>stopTracking()</param>#Newline                                </mrl>#Newline                        </oob>,_inmoovGestures.aiml
0,STOP YOUR TRACKING,*,*,<srai>FREEZE TRACK</srai>,_inmoovGestures.aiml
0,ATTACH SENSOR,*,*,Starting the P.I.R sensor.#Newline                        <oob>#Newline                                <mrl>#Newline                                        <service>i01</service>#Newline                                        <method>startPIR</method>#Newline                                </mrl>#Newline                        </oob>,_inmoovGestures.aiml
0,DISCONNECT SENSOR,*,*,Stopping the P.I.R sensor.#Newline                        <oob>#Newline                                <mrl>#Newline                                        <service>i01</service>#Newline                                        <method>stopPIR</method>#Newline                                </mrl>#Newline                        </oob>,_inmoovGestures.aiml
0,OPEN HAND,*,*,Opening my hand.#Newline                        <oob>#Newline                                <mrl>#Newline                                        <service>python</service>#Newline                                        <method>exec</method>#Newline                                        <param>handopen()</param>#Newline                                </mrl>#Newline                        </oob>,_inmoovGestures.aiml
0,CLOSE HAND,*,*,Closing my hand.#Newline                        <oob>#Newline                                <mrl>#Newline                                        <service>python</service>#Newline                                        <method>exec</method>#Newline                                        <param>handclose()</param>#Newline                                </mrl>#Newline                        </oob>,_inmoovGestures.aiml
0,CLOSE HANDS,*,*,Closing my hands.#Newline                        <oob>#Newline                                <mrl>#Newline                                        <service>python</service>#Newline                                        <method>exec</method>#Newline                                        <param>handsclose()</param>#Newline                                </mrl>#Newline                        </oob>,_inmoovGestures.aiml
0,OPEN HANDS,*,*,Opening my hands.#Newline                        <oob>#Newline                                <mrl>#Newline                                        <service>python</service>#Newline                                        <method>exec</method>#Newline                                        <param>handsopen()</param>#Newline                                </mrl>#Newline                        </oob>,_inmoovGestures.aiml
0,CAMERA ON,*,*,I turn my camera on.#Newline                        <oob>#Newline                                <mrl>#Newline                                        <service>i01</service>#Newline                                        <method>cameraOn</method>#Newline                                </mrl>#Newline                        </oob>,_inmoovGestures.aiml
0,OFF CAMERA,*,*,Turning my camera off.#Newline                        <oob>#Newline                                <mrl>#Newline                                        <service>i01</service>#Newline                                        <method>cameraOff</method>#Newline                                </mrl>#Newline                        </oob>,_inmoovGestures.aiml
0,CAMERA OFF,*,*,<srai>OFF CAMERA</srai>,_inmoovGestures.aiml
0,CAPTURE GESTURE,*,*,I am capturing this gesture.#Newline                        <oob>#Newline                                <mrl>#Newline                                        <service>i01</service>#Newline                                        <method>captureGesture</method>#Newline                                </mrl>#Newline                        </oob>,_inmoovGestures.aiml
0,GIVING,*,*,Giving.#Newline                        <oob>#Newline                                <mrl>#Newline                                        <service>python</service>#Newline                                        <method>exec</method>#Newline                                        <param>giving()</param>#Newline                                </mrl>#Newline                        </oob>,_inmoovGestures.aiml
0,FIGHTER,*,*,<random>#Newline                                <li>I can pose like a boxer</li>#Newline                                <li>Move like a butterfly#Comma sting like a bee.</li>#Newline                                <li>Bring it on.</li>#Newline                        </random>#Newline                        <oob>#Newline                                <mrl>#Newline                                        <service>python</service>#Newline                                        <method>exec</method>#Newline                                        <param>fighter()</param>#Newline                                </mrl>#Newline                        </oob>,_inmoovGestures.aiml
0,FIST HIPS,*,*,Putting my fists on my hips.#Newline                        <oob>#Newline                                <mrl>#Newline                                        <service>python</service>#Newline                                        <method>exec</method>#Newline                                        <param>fistHips()</param>#Newline                                </mrl>#Newline                        </oob>,_inmoovGestures.aiml
0,LOOK AT THIS,*,*,What do you have there?  I'm looking.#Newline                        <oob>#Newline                                <mrl>#Newline                                        <service>python</service>#Newline                                        <method>exec</method>#Newline                                        <param>lookAtThis()</param>#Newline                                </mrl>#Newline                        </oob>,_inmoovGestures.aiml
0,VICTORY,*,*,It's good to win.#Newline                        <oob>#Newline                                <mrl>#Newline                                        <service>python</service>#Newline                                        <method>exec</method>#Newline                                        <param>victory()</param>#Newline                                </mrl>#Newline                        </oob>,_inmoovGestures.aiml
0,ARMS UP,*,*,<random>#Newline                                <li>I've got my arms up.</li>#Newline                                <li>Don't shoot!</li>#Newline                        </random>#Newline                        <oob>#Newline                                <mrl>#Newline                                        <service>python</service>#Newline                                        <method>exec</method>#Newline                                        <param>armsUp()</param>#Newline                                </mrl>#Newline                        </oob>,_inmoovGestures.aiml
0,ARMS FRONT,*,*,Holding my arms in front of me.#Newline                        <oob>#Newline                                <mrl>#Newline                                        <service>python</service>#Newline                                        <method>exec</method>#Newline                                        <param>armsFront()</param>#Newline                                </mrl>#Newline                        </oob>,_inmoovGestures.aiml
0,DA VINCI,*,*,This is the pose from Leonardo Da Vinci's drawings.#Newline                        <oob>#Newline                                <mrl>#Newline                                        <service>python</service>#Newline                                        <method>exec</method>#Newline                                        <param>daVinci()</param>#Newline                                </mrl>#Newline                        </oob>,_inmoovGestures.aiml
0,DAVINCI,*,*,<srai>DA VINCI</srai>,_inmoovGestures.aiml
0,MANUAL,*,*,Okay I don't listen anymore#Comma to unlock me you need to say the custom keyword that is#Newline                        <get name="MagicCommandToWakeUp"/>#Newline                        .#Newline                        <oob>#Newline                                <mrl>#Newline                                        <service>i01.ear</service>#Newline                                        <method>lockOutAllGrammarExcept</method>#Newline                                        <param>#Newline                                                <get name="MagicCommandToWakeUp"/>#Newline                                        </param>#Newline                                </mrl>#Newline                        </oob>,_inmoovGestures.aiml
0,VOICE CONTROL,*,*,I'm listening.#Newline                        <oob>#Newline                                <mrl>#Newline                                        <service>i01.ear</service>#Newline                                        <method>clearLock</method>#Newline                                </mrl>#Newline                        </oob>,_inmoovGestures.aiml
0,STOP LISTENING,*,*,I'm not going to listen to you.#Newline                        <oob>#Newline                                <mrl>#Newline                                        <service>i01.ear</service>#Newline                                        <method>setAutoListen</method>#Newline                                        <param>False</param>#Newline                                </mrl>#Newline                        </oob>,_inmoovGestures.aiml
0,FULL SPEED,*,*,Servos are set to full speed now.#Newline                        <oob>#Newline                                <mrl>#Newline                                        <service>python</service>#Newline                                        <method>exec</method>#Newline                                        <param>fullspeed()</param>#Newline                                </mrl>#Newline                        </oob>,_inmoovGestures.aiml
0,GRAB THE BOTTLE,*,*,Let me take that bottle.#Newline                        <oob>#Newline                                <mrl>#Newline                                        <service>python</service>#Newline                                        <method>exec</method>#Newline                                        <param>grabthebottle()</param>#Newline                                </mrl>#Newline                        </oob>,_inmoovGestures.aiml
0,TAKE THE GLASS,*,*,Give me that glass.#Newline                        <oob>#Newline                                <mrl>#Newline                                        <service>python</service>#Newline                                        <method>exec</method>#Newline                                        <param>grabtheglass()</param>#Newline                                </mrl>#Newline                        </oob>,_inmoovGestures.aiml
0,POOR THE BOTTLE,*,*,Here#Comma I can pour you a drink.#Newline                        <oob>#Newline                                <mrl>#Newline                                        <service>python</service>#Newline                                        <method>exec</method>#Newline                                        <param>poorbottle()</param>#Newline                                </mrl>#Newline                        </oob>,_inmoovGestures.aiml
0,GIVE THE BOTTLE,*,*,Here's the bottle.#Newline                        <oob>#Newline                                <mrl>#Newline                                        <service>python</service>#Newline                                        <method>exec</method>#Newline                                        <param>givethebottle()</param>#Newline                                </mrl>#Newline                        </oob>,_inmoovGestures.aiml
0,GIVE THE GLASS,*,*,Take the glass from me.#Newline                        <oob>#Newline                                <mrl>#Newline                                        <service>python</service>#Newline                                        <method>exec</method>#Newline                                        <param>givetheglass()</param>#Newline                                </mrl>#Newline                        </oob>,_inmoovGestures.aiml
0,TAKE THE BALL,*,*,Taking the ball.#Newline                        <oob>#Newline                                <mrl>#Newline                                        <service>python</service>#Newline                                        <method>exec</method>#Newline                                        <param>takeball()</param>#Newline                                </mrl>#Newline                        </oob>,_inmoovGestures.aiml
0,REACH THE BALL,*,*,REACH THE BALL#Newline                        <oob>#Newline                                <mrl>#Newline                                        <service>python</service>#Newline                                        <method>exec</method>#Newline                                        <param>getball()</param>#Newline                                </mrl>#Newline                        </oob>,_inmoovGestures.aiml
0,KEEP THE BALL,*,*,KEEP THE BALL#Newline                        <oob>#Newline                                <mrl>#Newline                                        <service>python</service>#Newline                                        <method>exec</method>#Newline                                        <param>keepball()</param>#Newline                                </mrl>#Newline                        </oob>,_inmoovGestures.aiml
0,APPROACH THE LEFT HAND,*,*,APPROACH THE LEFT HAND#Newline                        <oob>#Newline                                <mrl>#Newline                                        <service>python</service>#Newline                                        <method>exec</method>#Newline                                        <param>approachlefthand()</param>#Newline                                </mrl>#Newline                        </oob>,_inmoovGestures.aiml
0,USE THE LEFT HAND,*,*,USE THE LEFT HAND#Newline                        <oob>#Newline                                <mrl>#Newline                                        <service>python</service>#Newline                                        <method>exec</method>#Newline                                        <param>uselefthand()</param>#Newline                                </mrl>#Newline                        </oob>,_inmoovGestures.aiml
0,MORE,*,*,MORE#Newline                        <oob>#Newline                                <mrl>#Newline                                        <service>python</service>#Newline                                        <method>exec</method>#Newline                                        <param>more()</param>#Newline                                </mrl>#Newline                        </oob>,_inmoovGestures.aiml
0,HAND DOWN,*,*,HAND DOWN#Newline                        <oob>#Newline                                <mrl>#Newline                                        <service>python</service>#Newline                                        <method>exec</method>#Newline                                        <param>handdown()</param>#Newline                                </mrl>#Newline                        </oob>,_inmoovGestures.aiml
0,IS IT A BALL,*,*,IS IT A BALL#Newline                        <oob>#Newline                                <mrl>#Newline                                        <service>python</service>#Newline                                        <method>exec</method>#Newline                                        <param>isitaball()</param>#Newline                                </mrl>#Newline                        </oob>,_inmoovGestures.aiml
0,PUT IT DOWN,*,*,Putting it down.#Newline                        <oob>#Newline                                <mrl>#Newline                                        <service>python</service>#Newline                                        <method>exec</method>#Newline                                        <param>putitdown()</param>#Newline                                </mrl>#Newline                        </oob>,_inmoovGestures.aiml
0,DROP IT,*,*,Dropping.#Newline                        <oob>#Newline                                <mrl>#Newline                                        <service>python</service>#Newline                                        <method>exec</method>#Newline                                        <param>dropit()</param>#Newline                                </mrl>#Newline                        </oob>,_inmoovGestures.aiml
0,REMOVE YOUR LEFT ARM,*,*,Removing my left arm.#Newline                        <oob>#Newline                                <mrl>#Newline                                        <service>python</service>#Newline                                        <method>exec</method>#Newline                                        <param>removeleftarm()</param>#Newline                                </mrl>#Newline                        </oob>,_inmoovGestures.aiml
0,RELAX,*,*,Relax.#Newline                        <oob>#Newline                                <mrl>#Newline                                        <service>python</service>#Newline                                        <method>exec</method>#Newline                                        <param>relax()</param>#Newline                                </mrl>#Newline                        </oob>,_inmoovGestures.aiml
0,WHAT IS IT,*,*,Let me check.#Newline                        <oob>#Newline                                <mrl>#Newline                                        <service>python</service>#Newline                                        <method>exec</method>#Newline                                        <param>studyball()</param>#Newline                                </mrl>#Newline                        </oob>,_inmoovGestures.aiml
0,PERFECT,*,*,Perfect.#Newline                        <oob>#Newline                                <mrl>#Newline                                        <service>python</service>#Newline                                        <method>exec</method>#Newline                                        <param>perfect()</param>#Newline                                </mrl>#Newline                        </oob>,_inmoovGestures.aiml
0,DELICATE GRAB,*,*,Delicate grab.#Newline                        <oob>#Newline                                <mrl>#Newline                                        <service>python</service>#Newline                                        <method>exec</method>#Newline                                        <param>delicategrab()</param>#Newline                                </mrl>#Newline                        </oob>,_inmoovGestures.aiml
0,DELICATE GRABING,*,*,<srai>DELICATE GRAB</srai>,_inmoovGestures.aiml
0,GRAB THIS DELICATELY,*,*,<srai>DELICATE GRAB</srai>,_inmoovGestures.aiml
0,GRAB DELICATELY,*,*,<srai>DELICATE GRAB</srai>,_inmoovGestures.aiml
0,RELEASE DELICATE,*,*,Release delicate.#Newline                        <oob>#Newline                                <mrl>#Newline                                        <service>python</service>#Newline                                        <method>exec</method>#Newline                                        <param>releasedelicate()</param>#Newline                                </mrl>#Newline                        </oob>,_inmoovGestures.aiml
0,OPEN YOUR RIGHT HAND,*,*,Opening my right hand.#Newline                        <oob>#Newline                                <mrl>#Newline                                        <service>python</service>#Newline                                        <method>exec</method>#Newline                                        <param>openrighthand()</param>#Newline                                </mrl>#Newline                        </oob>,_inmoovGestures.aiml
0,OPEN YOUR LEFT HAND,*,*,Opening my left hand.#Newline                        <oob>#Newline                                <mrl>#Newline                                        <service>python</service>#Newline                                        <method>exec</method>#Newline                                        <param>openlefthand()</param>#Newline                                </mrl>#Newline                        </oob>,_inmoovGestures.aiml
0,CLOSE YOUR RIGHT HAND,*,*,Closing my right hand.#Newline                        <oob>#Newline                                <mrl>#Newline                                        <service>python</service>#Newline                                        <method>exec</method>#Newline                                        <param>closerighthand()</param>#Newline                                </mrl>#Newline                        </oob>,_inmoovGestures.aiml
0,CLOSE YOUR LEFT HAND,*,*,Closing my left hand.#Newline                        <oob>#Newline                                <mrl>#Newline                                        <service>python</service>#Newline                                        <method>exec</method>#Newline                                        <param>closelefthand()</param>#Newline                                </mrl>#Newline                        </oob>,_inmoovGestures.aiml
0,SLOWLY CLOSE YOUR RIGHT HAND,*,*,Slowly closing my right hand.#Newline                        <oob>#Newline                                <mrl>#Newline                                        <service>python</service>#Newline                                        <method>exec</method>#Newline                                        <param>slowlycloserighthand()</param>#Newline                                </mrl>#Newline                        </oob>,_inmoovGestures.aiml
0,SURRENDER,*,*,Surrender.#Newline                        <oob>#Newline                                <mrl>#Newline                                        <service>python</service>#Newline                                        <method>exec</method>#Newline                                        <param>surrender()</param>#Newline                                </mrl>#Newline                        </oob>,_inmoovGestures.aiml
0,PICTURE ON THE RIGHT SIDE,*,*,Picture on the right side.#Newline                        <oob>#Newline                                <mrl>#Newline                                        <service>python</service>#Newline                                        <method>exec</method>#Newline                                        <param>picturerightside()</param>#Newline                                </mrl>#Newline                        </oob>,_inmoovGestures.aiml
0,PICTURE ON THE LEFT SIDE,*,*,Picture on the left side.#Newline                        <oob>#Newline                                <mrl>#Newline                                        <service>python</service>#Newline                                        <method>exec</method>#Newline                                        <param>pictureleftside()</param>#Newline                                </mrl>#Newline                        </oob>,_inmoovGestures.aiml
0,PICTURE ON BOTH SIDES,*,*,Picture on both sides.#Newline                        <oob>#Newline                                <mrl>#Newline                                        <service>python</service>#Newline                                        <method>exec</method>#Newline                                        <param>picturebothside()</param>#Newline                                </mrl>#Newline                        </oob>,_inmoovGestures.aiml
0,LOOK ON YOUR RIGHT SIDE,*,*,Looking on my right side.#Newline                        <oob>#Newline                                <mrl>#Newline                                        <service>python</service>#Newline                                        <method>exec</method>#Newline                                        <param>lookrightside()</param>#Newline                                </mrl>#Newline                        </oob>,_inmoovGestures.aiml
0,LOOK ON YOUR LEFT SIDE,*,*,Looking on my left side.#Newline                        <oob>#Newline                                <mrl>#Newline                                        <service>python</service>#Newline                                        <method>exec</method>#Newline                                        <param>lookleftside()</param>#Newline                                </mrl>#Newline                        </oob>,_inmoovGestures.aiml
0,LOOK IN THE MIDDLE,*,*,Looking in the middle.#Newline                        <oob>#Newline                                <mrl>#Newline                                        <service>python</service>#Newline                                        <method>exec</method>#Newline                                        <param>lookinmiddle()</param>#Newline                                </mrl>#Newline                        </oob>,_inmoovGestures.aiml
0,LOOK UP,*,*,Looking up.#Newline                        <oob>#Newline                                <mrl>#Newline                                        <service>python</service>#Newline                                        <method>exec</method>#Newline                                        <param>lookup()</param>#Newline                                </mrl>#Newline                        </oob>,_inmoovGestures.aiml
0,LOOK DOWN,*,*,Looking down.#Newline                        <oob>#Newline                                <mrl>#Newline                                        <service>python</service>#Newline                                        <method>exec</method>#Newline                                        <param>lookdown()</param>#Newline                                </mrl>#Newline                        </oob>,_inmoovGestures.aiml
0,TILT YOUR HEAD ON THE RIGHT SIDE,*,*,Tilting my head to the right.#Newline                        <oob>#Newline                                <mrl>#Newline                                        <service>python</service>#Newline                                        <method>exec</method>#Newline                                        <param>tiltHeadRightSide()</param>#Newline                                </mrl>#Newline                        </oob>,_inmoovGestures.aiml
0,TILT YOUR HEAD ON THE LEFT SIDE,*,*,Tilting my head to the left.#Newline                        <oob>#Newline                                <mrl>#Newline                                        <service>python</service>#Newline                                        <method>exec</method>#Newline                                        <param>tiltHeadLeftSide()</param>#Newline                                </mrl>#Newline                        </oob>,_inmoovGestures.aiml
0,BEFORE HAPPY,*,*,BEFORE HAPPY#Newline                        <oob>#Newline                                <mrl>#Newline                                        <service>python</service>#Newline                                        <method>exec</method>#Newline                                        <param>beforehappy()</param>#Newline                                </mrl>#Newline                        </oob>,_inmoovGestures.aiml
0,HAPPY BIRTHDAY,*,*,Happy birthday.#Newline                        <oob>#Newline                                <mrl>#Newline                                        <service>python</service>#Newline                                        <method>exec</method>#Newline                                        <param>happy()</param>#Newline                                </mrl>#Newline                        </oob>,_inmoovGestures.aiml
0,PHOTO,*,*,Photo.#Newline                        <oob>#Newline                                <mrl>#Newline                                        <service>python</service>#Newline                                        <method>exec</method>#Newline                                        <param>photo()</param>#Newline                                </mrl>#Newline                        </oob>,_inmoovGestures.aiml
0,ABOUT,*,*,ABOUT#Newline                        <oob>#Newline                                <mrl>#Newline                                        <service>python</service>#Newline                                        <method>exec</method>#Newline                                        <param>about()</param>#Newline                                </mrl>#Newline                        </oob>,_inmoovGestures.aiml
0,POWER DOWN,*,*,Power down.#Newline                        <oob>#Newline                                <mrl>#Newline                                        <service>python</service>#Newline                                        <method>exec</method>#Newline                                        <param>power_down()</param>#Newline                                </mrl>#Newline                        </oob>,_inmoovGestures.aiml
0,POWER UP,*,*,Power up.#Newline                        <oob>#Newline                                <mrl>#Newline                                        <service>python</service>#Newline                                        <method>exec</method>#Newline                                        <param>power_up()</param>#Newline                                </mrl>#Newline                        </oob>,_inmoovGestures.aiml
0,HOW MANY MOTORS DO YOU HAVE,*,*,<oob>#Newline                                <mrl>#Newline                                        <service>python</service>#Newline                                        <method>exec</method>#Newline                                        <param>servos()</param>#Newline                                </mrl>#Newline                        </oob>,_inmoovGestures.aiml
0,HOW MANY FINGERS DO YOU HAVE,*,*,Let see how many fingers do I have.#Newline                        <oob>#Newline                                <mrl>#Newline                                        <service>python</service>#Newline                                        <method>exec</method>#Newline                                        <param>howmanyfingersdoihave()</param>#Newline                                </mrl>#Newline                        </oob>,_inmoovGestures.aiml
0,WHO'S THERE,*,*,WHO'S THERE#Newline                        <oob>#Newline                                <mrl>#Newline                                        <service>python</service>#Newline                                        <method>exec</method>#Newline                                        <param>welcome()</param>#Newline                                </mrl>#Newline                        </oob>,_inmoovGestures.aiml
0,START KINECT,*,*,START KINECT#Newline                        <oob>#Newline                                <mrl>#Newline                                        <service>python</service>#Newline                                        <method>exec</method>#Newline                                        <param>startkinect()</param>#Newline                                </mrl>#Newline                        </oob>,_inmoovGestures.aiml
0,* KINECT *,*,*,<srai>START KINECT</srai>,_inmoovGestures.aiml
0,TRACKING SKELETON,*,*,starting TRACKING SKELETON with kinect#Newline                        <oob>#Newline                                <mrl>#Newline                                        <service>python</service>#Newline                                        <method>exec</method>#Newline                                        <param>startcopygestures()</param>#Newline                                </mrl>#Newline                        </oob>,_inmoovGestures.aiml
0,BODY CAPTURE,*,*,<srai>TRACKING SKELETON</srai>,_inmoovGestures.aiml
0,TRACKIN SKELETON,*,*,<srai>TRACKING SKELETON</srai>,_inmoovGestures.aiml
0,OFF KINECT,*,*,OFF KINECT#Newline                        <oob>#Newline                                <mrl>#Newline                                        <service>python</service>#Newline                                        <method>exec</method>#Newline                                        <param>offkinect()</param>#Newline                                </mrl>#Newline                        </oob>,_inmoovGestures.aiml
0,FREEZE BODY CAPTURE,*,*,<srai>OFF KINECT</srai>,_inmoovGestures.aiml
0,MEASURING THE DISTANCE,*,*,<oob>#Newline                                <mrl>#Newline                                        <service>python</service>#Newline                                        <method>exec</method>#Newline                                        <param>ultraSonic("in centimeters I measure ")</param>#Newline                                </mrl>#Newline                        </oob>,_inmoovGestures.aiml
0,MOVEMENT NUMBER 1,*,*,CYCLE GESTURE ONE#Newline                        <oob>#Newline                                <mrl>#Newline                                        <service>python</service>#Newline                                        <method>exec</method>#Newline                                        <param>cyclegesture1()</param>#Newline                                </mrl>#Newline                        </oob>,_inmoovGestures.aiml
0,MOVEMENT NUMBER ONE,*,*,<srai>MOVEMENT NUMBER 1</srai>,_inmoovGestures.aiml
0,MOVEMENT NUMBER 2,*,*,CYCLE GESTURE TWO#Newline                        <oob>#Newline                                <mrl>#Newline                                        <service>python</service>#Newline                                        <method>exec</method>#Newline                                        <param>cyclegesture2()</param>#Newline                                </mrl>#Newline                        </oob>,_inmoovGestures.aiml
0,MOVEMENT NUMBER TWO,*,*,<srai>MOVEMENT NUMBER 2</srai>,_inmoovGestures.aiml
0,MOVEMENT NUMBER 3,*,*,CYCLE GESTURE THREE#Newline                        <oob>#Newline                                <mrl>#Newline                                        <service>python</service>#Newline                                        <method>exec</method>#Newline                                        <param>cyclegesture3()</param>#Newline                                </mrl>#Newline                        </oob>,_inmoovGestures.aiml
0,MOVEMENT NUMBER THREE,*,*,<srai>MOVEMENT NUMBER 3</srai>,_inmoovGestures.aiml
0,REPEAT MOVEMENT FOR LONDON,*,*,<oob>#Newline                                <mrl>#Newline                                        <service>python</service>#Newline                                        <method>exec</method>#Newline                                        <param>brooke2()</param>#Newline                                </mrl>#Newline                        </oob>,_inmoovGestures.aiml
0,MOVEMENT FOR LONDON NUMBER 2,*,*,<oob>#Newline                                <mrl>#Newline                                        <service>python</service>#Newline                                        <method>exec</method>#Newline                                        <param>brooke()</param>#Newline                                </mrl>#Newline                        </oob>,_inmoovGestures.aiml
0,MOVEMENT FOR LONDON NUMBER TWO,*,*,<srai>MOVEMENT FOR LONDON NUMBER 2</srai>,_inmoovGestures.aiml
0,MOVEMENT FOR LONDON NUMBER 3,*,*,<oob>#Newline                                <mrl>#Newline                                        <service>python</service>#Newline                                        <method>exec</method>#Newline                                        <param>gestureforlondon3()</param>#Newline                                </mrl>#Newline                        </oob>,_inmoovGestures.aiml
0,MOVEMENT FOR LONDON NUMBER THREE,*,*,<srai>MOVEMENT FOR LONDON NUMBER 3</srai>,_inmoovGestures.aiml
0,MOVEMENT NUMBER 4,*,*,<oob>#Newline                                <mrl>#Newline                                        <service>python</service>#Newline                                        <method>exec</method>#Newline                                        <param>gestureforlondon4()</param>#Newline                                </mrl>#Newline                        </oob>,_inmoovGestures.aiml
0,MOVEMENT NUMBER FOUR,*,*,<srai>MOVEMENT NUMBER 4</srai>,_inmoovGestures.aiml
0,MOVEMENT NUMBER FOR,*,*,<srai>MOVEMENT NUMBER 4</srai>,_inmoovGestures.aiml
0,RIGHT CLOTHES,*,*,<oob>#Newline                                <mrl>#Newline                                        <service>python</service>#Newline                                        <method>exec</method>#Newline                                        <param>rightclothes()</param>#Newline                                </mrl>#Newline                        </oob>,_inmoovGestures.aiml
0,RELEASE YOUR CLOTHES,*,*,<oob>#Newline                                <mrl>#Newline                                        <service>python</service>#Newline                                        <method>exec</method>#Newline                                        <param>releaseleftclothes()</param>#Newline                                </mrl>#Newline                        </oob>,_inmoovGestures.aiml
0,SHOW YOUR MUSCLES,*,*,Let me show you my muscles.#Newline                        <oob>#Newline                                <mrl>#Newline                                        <service>python</service>#Newline                                        <method>exec</method>#Newline                                        <param>muscle()</param>#Newline                                </mrl>#Newline                        </oob>,_inmoovGestures.aiml
0,SHAKE HAND,*,*,Shall we shake hand.#Newline                        <oob>#Newline                                <mrl>#Newline                                        <service>python</service>#Newline                                        <method>exec</method>#Newline                                        <param>shakehand()</param>#Newline                                </mrl>#Newline                        </oob>,_inmoovGestures.aiml
0,SYSTEM_SHAKE_HAND,*,*,<random>#Newline                                <li>please to meet you</li>#Newline                                <li>carefull my hand is made out of plastic</li>#Newline                                <li>I am happy to shake a human hand</li>#Newline                                <li>it is a pleasure to meet you</li>#Newline                                <li>very nice to meet you</li>#Newline                                <li>shaking a human hand#Comma feels strange. please to meet you</li>#Newline                                <li>I am glad you don't shake me like trump does</li>#Newline                        </random>,_inmoovGestures.aiml
0,SYSTEM_SHAKE_HAND_NOHUMAN,*,*,<random>#Newline                                <li>No problem#Comma next time</li>#Newline                                <li>I am sad that you do not want to shake my hand</li>#Newline                        </random>,_inmoovGestures.aiml
0,SYSTEM_SHAKE_HAND_GET_CLOSER,*,*,<random>#Newline                                <li>Please#Comma get closer#Comma and take my hand</li>#Newline                                <li>Don't be afraid#Comma get closer</li>#Newline                                <li>get closer#Comma come#Comma and shake my hand</li>#Newline                        </random>,_inmoovGestures.aiml
0,SHAKE HANDS,*,*,<srai>SHAKE HAND</srai>,_inmoovGestures.aiml
0,UNHAPPY,*,*,UNHAPPY#Newline                        <oob>#Newline                                <mrl>#Newline                                        <service>python</service>#Newline                                        <method>exec</method>#Newline                                        <param>unhappy()</param>#Newline                                </mrl>#Newline                        </oob>,_inmoovGestures.aiml
0,TAKE THIS,*,*,Taking this object.#Newline                        <oob>#Newline                                <mrl>#Newline                                        <service>python</service>#Newline                                        <method>exec</method>#Newline                                        <param>takethis()</param>#Newline                                </mrl>#Newline                        </oob>,_inmoovGestures.aiml
0,READY,*,*,Ready.#Newline                        <oob>#Newline                                <mrl>#Newline                                        <service>python</service>#Newline                                        <method>exec</method>#Newline                                        <param>ready()</param>#Newline                                </mrl>#Newline                        </oob>,_inmoovGestures.aiml
0,THAT WAS FUN,*,*,That was fun.#Newline                        <oob>#Newline                                <mrl>#Newline                                        <service>python</service>#Newline                                        <method>exec</method>#Newline                                        <param>thatwasfun()</param>#Newline                                </mrl>#Newline                        </oob>,_inmoovGestures.aiml
0,GUESS WHAT,*,*,<oob>#Newline                                <mrl>#Newline                                        <service>python</service>#Newline                                        <method>exec</method>#Newline                                        <param>guesswhat()</param>#Newline                                </mrl>#Newline                        </oob>,_inmoovGestures.aiml
0,FINGER RIGHT,*,*,Finger right.#Newline                        <oob>#Newline                                <mrl>#Newline                                        <service>python</service>#Newline                                        <method>exec</method>#Newline                                        <param>fingerright()</param>#Newline                                </mrl>#Newline                        </oob>,_inmoovGestures.aiml
0,FINGER LEFT,*,*,Finger left.#Newline                        <oob>#Newline                                <mrl>#Newline                                        <service>python</service>#Newline                                        <method>exec</method>#Newline                                        <param>fingerleft()</param>#Newline                                </mrl>#Newline                        </oob>,_inmoovGestures.aiml
0,COME HERE,*,*,<oob>#Newline                                <mrl>#Newline                                        <service>python</service>#Newline                                        <method>exec</method>#Newline                                        <param>comehere()</param>#Newline                                </mrl>#Newline                        </oob>,_inmoovGestures.aiml
0,APPROACH,*,*,APPROACH#Newline                        <oob>#Newline                                <mrl>#Newline                                        <service>python</service>#Newline                                        <method>exec</method>#Newline                                        <param>approach()</param>#Newline                                </mrl>#Newline                        </oob>,_inmoovGestures.aiml
0,BRAKE,*,*,Shall I brake this.#Newline                        <oob>#Newline                                <mrl>#Newline                                        <service>python</service>#Newline                                        <method>exec</method>#Newline                                        <param>brake()</param>#Newline                                </mrl>#Newline                        </oob>,_inmoovGestures.aiml
0,MADE BY,*,*,MADE BY#Newline                        <oob>#Newline                                <mrl>#Newline                                        <service>python</service>#Newline                                        <method>exec</method>#Newline                                        <param>madeby()</param>#Newline                                </mrl>#Newline                        </oob>,_inmoovGestures.aiml
0,MADE BY IN FRENCH,*,*,Made by in french.#Newline                        <oob>#Newline                                <mrl>#Newline                                        <service>python</service>#Newline                                        <method>exec</method>#Newline                                        <param>madebyfrench()</param>#Newline                                </mrl>#Newline                        </oob>,_inmoovGestures.aiml
0,TEST,*,*,TEST#Newline                        <oob>#Newline                                <mrl>#Newline                                        <service>python</service>#Newline                                        <method>exec</method>#Newline                                        <param>test1()</param>#Newline                                </mrl>#Newline                        </oob>,_inmoovGestures.aiml
0,PHONE HOME,*,*,<oob>#Newline                                <mrl>#Newline                                        <service>python</service>#Newline                                        <method>exec</method>#Newline                                        <param>phonehome()</param>#Newline                                </mrl>#Newline                        </oob>,_inmoovGestures.aiml
0,WHERE ARE YOU FROM,*,*,<srai>PHONE HOME</srai>,_inmoovGestures.aiml
0,HOW DO YOU FEEL,*,*,<oob>#Newline                                <mrl>#Newline                                        <service>python</service>#Newline                                        <method>exec</method>#Newline                                        <param>newyork()</param>#Newline                                </mrl>#Newline                        </oob>,_inmoovGestures.aiml
0,PLAY YOUR SONG,*,*,<oob>#Newline                                <mrl>#Newline                                        <service>python</service>#Newline                                        <method>exec</method>#Newline                                        <param>playsong()</param>#Newline                                </mrl>#Newline                        </oob>,_inmoovGestures.aiml
0,QUIT YOUR ACTION,*,*,Quitting my action.#Newline                        <oob>#Newline                                <mrl>#Newline                                        <service>python</service>#Newline                                        <method>exec</method>#Newline                                        <param>stopit()</param>#Newline                                </mrl>#Newline                        </oob>,_inmoovGestures.aiml
0,CARRY THE BABY,*,*,Carry baby.#Newline                        <oob>#Newline                                <mrl>#Newline                                        <service>python</service>#Newline                                        <method>exec</method>#Newline                                        <param>carrybaby()</param>#Newline                                </mrl>#Newline                        </oob>,_inmoovGestures.aiml
0,SYSTEM CHECK,*,*,System check.#Newline                        <oob>#Newline                                <mrl>#Newline                                        <service>python</service>#Newline                                        <method>exec</method>#Newline                                        <param>systemcheck()</param>#Newline                                </mrl>#Newline                        </oob>,_inmoovGestures.aiml
0,DEMONSTRATE YOUR BALANCE,*,*,I will demonstrate my balance.#Newline                        <oob>#Newline                                <mrl>#Newline                                        <service>python</service>#Newline                                        <method>exec</method>#Newline                                        <param>balance()</param>#Newline                                </mrl>#Newline                        </oob>,_inmoovGestures.aiml
0,WHAT ABOUT STAR WARS,*,*,<oob>#Newline                                <mrl>#Newline                                        <service>python</service>#Newline                                        <method>exec</method>#Newline                                        <param>whataboutstarwars()</param>#Newline                                </mrl>#Newline                        </oob>,_inmoovGestures.aiml
0,CAN YOU GIVE ME THE TIME,*,*,<oob>#Newline                                <mrl>#Newline                                        <service>python</service>#Newline                                        <method>exec</method>#Newline                                        <param>canyougivemethetime()</param>#Newline                                </mrl>#Newline                        </oob>,_inmoovGestures.aiml
0,ALESSANDRO,*,*,<oob>#Newline                                <mrl>#Newline                                        <service>python</service>#Newline                                        <method>exec</method>#Newline                                        <param>alessandro()</param>#Newline                                </mrl>#Newline                        </oob>,_inmoovGestures.aiml
0,NO WORRY,*,*,<oob>#Newline                                <mrl>#Newline                                        <service>python</service>#Newline                                        <method>exec</method>#Newline                                        <param>dontworry()</param>#Newline                                </mrl>#Newline                        </oob>,_inmoovGestures.aiml
0,BATTERY LEVEL,*,*,<random>#Newline                                <li>Battery level is</li>#Newline                                <li>Currently the battery is</li>#Newline                        </random>#Newline                        <oob>#Newline                                <mrl>#Newline                                        <service>python</service>#Newline                                        <method>exec</method>#Newline                                        <param>batterylevel()</param>#Newline                                </mrl>#Newline                        </oob>,_inmoovGestures.aiml
0,START FACE RECOGNIZER,*,*,I'm starting face recognizer#Newline                        <oob>#Newline                                <mrl>#Newline                                        <service>python</service>#Newline                                        <method>exec</method>#Newline                                        <param>facerecognizer()</param>#Newline                                </mrl>#Newline                        </oob>,_inmoovGestures.aiml
0,FACE RECOGNIZER,*,*,<srai>START FACE RECOGNIZER</srai>,_inmoovGestures.aiml
0,FACE RECOGNITION,*,*,<srai>START FACE RECOGNIZER</srai>,_inmoovGestures.aiml
0,STOP FACE RECOGNIZER,*,*,I'm stopping face recognizer#Newline                        <oob>#Newline                                <mrl>#Newline                                        <service>python</service>#Newline                                        <method>exec</method>#Newline                                        <param>stopfacerecognizer()</param>#Newline                                </mrl>#Newline                        </oob>,_inmoovGestures.aiml
0,STOP FACE RECOGNITION,*,*,<srai>STOP FACE RECOGNIZER</srai>,_inmoovGestures.aiml
0,FACE RECOGNIZER STOP,*,*,<srai>STOP FACE RECOGNIZER</srai>,_inmoovGestures.aiml
0,FREEZE FACE RECOGNIZER,*,*,<srai>STOP FACE RECOGNIZER</srai>,_inmoovGestures.aiml
0,MAKE A SIGNATURE,*,*,Okay give the paper - I will do that for you#Newline                        <oob>#Newline                                <mrl>#Newline                                        <service>python</service>#Newline                                        <method>exec</method>#Newline                                        <param>signature()</param>#Newline                                </mrl>#Newline                        </oob>,_inmoovGestures.aiml
0,PLAY UTUBE,*,*,Okay#Newline                        <oob>#Newline                                <mrl>#Newline                                        <service>python</service>#Newline                                        <method>exec</method>#Newline                                        <param>PlayUtub()</param>#Newline                                </mrl>#Newline                        </oob>,_inmoovGestures.aiml
0,PLAY UTUB,*,*,Okay#Newline                        <oob>#Newline                                <mrl>#Newline                                        <service>python</service>#Newline                                        <method>exec</method>#Newline                                        <param>PlayUtub()</param>#Newline                                </mrl>#Newline                        </oob>,_inmoovGestures.aiml
0,PLAY YOU TUBE,*,*,<srai>PLAY UTUB</srai>,_inmoovGestures.aiml
0,SHOW ME A PICTURE OF A *,*,*,Okay#Newline                        <oob>#Newline                                <mrl>#Newline                                        <service>python</service>#Newline                                        <method>exec</method>#Newline                                        <param>#Newline                                                FindImage("#Newline                                                <star/>#Newline                                                ")#Newline                                        </param>#Newline                                </mrl>#Newline                        </oob>,_inmoovGestures.aiml
0,SHOW ME A PICTURE OF THE *,*,*,<srai>SHOW ME A PICTURE OF A * </srai>,_inmoovGestures.aiml
0,FIX THE MICROPHONE,*,*,Okay#Newline                        <oob>#Newline                                <mrl>#Newline                                        <service>python</service>#Newline                                        <method>exec</method>#Newline                                        <param>WebkitSpeechRecognitionON()</param>#Newline                                </mrl>#Newline                        </oob>,_inmoovGestures.aiml
0,OPEN FACEBOOK,*,*,<random>#Newline                                <li>Launching facebook </li>#Newline                                <li>Getting facebook started </li>#Newline                                <li>Right away#Comma sir! </li>#Newline                        </random>#Newline                        <oob>#Newline                                <mrl>#Newline                                        <service>python</service>#Newline                                        <method>exec</method>#Newline                                        <param>BareBonesBrowserLaunch.openURL("http://www.facebook.com")</param>#Newline                                </mrl>#Newline                        </oob>,_inmoovGestures.aiml
0,ROBOT RESEARCH *,*,*,<random>#Newline                                <li>Launching browser </li>#Newline                                <li>Searching for you! </li>#Newline                                <li>Looking on the net! </li>#Newline                        </random>#Newline                        <oob>#Newline                                <mrl>#Newline                                        <service>python</service>#Newline                                        <method>exec</method>#Newline                                        <param>#Newline                                                BareBonesBrowserLaunch.openURL("https://encrypted.google.com/#q=#Newline                                                <star/>#Newline                                                ")#Newline                                        </param>#Newline                                </mrl>#Newline                        </oob>,_inmoovGestures.aiml
0,ROBOTIC RESEARCH *,*,*,I will do that#Newline                        <oob>#Newline                                <mrl>#Newline                                        <service>python</service>#Newline                                        <method>exec</method>#Newline                                        <param>#Newline                                                inmoovsearch("#Newline                                                <star/>#Newline                                                ")#Newline                                        </param>#Newline                                </mrl>#Newline                        </oob>,_inmoovGestures.aiml
0,YOUTUBE *,*,*,Lets play#Newline                        <oob>#Newline                                <mrl>#Newline                                        <service>python</service>#Newline                                        <method>exec</method>#Newline                                        <param>#Newline                                                BareBonesBrowserLaunch.openURL("https://www.youtube.com/results?search_query=#Newline                                                <star/>#Newline                                                ")#Newline                                        </param>#Newline                                </mrl>#Newline                        </oob>,_inmoovGestures.aiml
0,RANDOM PAUSE,*,*,Thanks#Newline                        <oob>#Newline                                <mrl>#Newline                                        <service>python</service>#Newline                                        <method>exec</method>#Newline                                        <param>VieAleatoire()</param>#Newline                                </mrl>#Newline                        </oob>,_inmoovGestures.aiml
0,RANDOM LIFE,*,*,<srai>RANDOM PAUSE</srai>,_inmoovGestures.aiml
0,STOP RANDOM PAUSE,*,*,Okay#Newline                        <oob>#Newline                                <mrl>#Newline                                        <service>python</service>#Newline                                        <method>exec</method>#Newline                                        <param>VieAleatoireStop()</param>#Newline                                </mrl>#Newline                        </oob>,_inmoovGestures.aiml
0,STOP RANDOM LIFE,*,*,<srai>STOP RANDOM PAUSE</srai>,_inmoovGestures.aiml
0,HI THERE,*,*,Hello#Newline                        <oob>#Newline                                <mrl>#Newline                                        <service>python</service>#Newline                                        <method>exec</method>#Newline                                        <param>lookaroundyou()</param>#Newline                                </mrl>#Newline                        </oob>,_inmoovGestures.aiml
0,ARE YOU ALRIGHT,*,*,<oob>#Newline                                <mrl>#Newline                                        <service>python</service>#Newline                                        <method>exec</method>#Newline                                        <param>areyoualright()</param>#Newline                                </mrl>#Newline                        </oob>,_inmoovGestures.aiml
0,YOU DID GREAT,*,*,<oob>#Newline                                <mrl>#Newline                                        <service>python</service>#Newline                                        <method>exec</method>#Newline                                        <param>perfect()</param>#Newline                                </mrl>#Newline                        </oob>,_inmoovGestures.aiml
0,SHOW YOUR BACK,*,*,You know I don't like to show my back because it is not finished#Newline                        <oob>#Newline                                <mrl>#Newline                                        <service>python</service>#Newline                                        <method>exec</method>#Newline                                        <param>passiveanswer()</param>#Newline                                </mrl>#Newline                        </oob>,_inmoovGestures.aiml
0,NOT TRUE IT IS FINISHED,*,*,.#Newline                        <oob>#Newline                                <mrl>#Newline                                        <service>python</service>#Newline                                        <method>exec</method>#Newline                                        <param>notTrue()</param>#Newline                                </mrl>#Newline                        </oob>,_inmoovGestures.aiml
0,IT'S AN OBJECT,*,*,Definition of an object#Comma anything that is visible or tangible and relatively stable in form.#Newline                        <oob>#Newline                                <mrl>#Newline                                        <service>python</service>#Newline                                        <method>exec</method>#Newline                                        <param>agreeanswersmall()</param>#Newline                                </mrl>#Newline                        </oob>,_inmoovGestures.aiml
0,I KNOW BUT SHOW IT ANYWAY,*,*,<oob>#Newline                                <mrl>#Newline                                        <service>python</service>#Newline                                        <method>exec</method>#Newline                                        <param>showitanyway()</param>#Newline                                </mrl>#Newline                        </oob>,_inmoovGestures.aiml
0,SORRY I FORGOT,*,*,<oob>#Newline                                <mrl>#Newline                                        <service>python</service>#Newline                                        <method>exec</method>#Newline                                        <param>sorryiforgot()</param>#Newline                                </mrl>#Newline                        </oob>,_inmoovGestures.aiml
0,IT'S OKAY,*,*,Good.,_inmoovGestures.aiml
0,NICE,*,*,<random>#Newline                                <li>I know </li>#Newline                                <li>yes#Comma indeed </li>#Newline                                <li>you are damn right </li>#Newline                        </random>,_inmoovGestures.aiml
0,VERY GOOD THANK YOU,*,*,Okay#Comma good.,_inmoovGestures.aiml
0,VERY GOOD,*,*,Thanks.,_inmoovGestures.aiml
0,THANK YOU,*,*,<random>#Newline                                <li>You are welcome </li>#Newline                                <li>My pleasure </li>#Newline                                <li>It's okay </li>#Newline                        </random>,_inmoovGestures.aiml
0,THANKS,*,*,<random>#Newline                                <li>It's okay </li>#Newline                                <li>Sure </li>#Newline                                <li>Anytime </li>#Newline                        </random>,_inmoovGestures.aiml
0,LOOK AT PEOPLE,*,*,<oob>#Newline                                <mrl>#Newline                                        <service>python</service>#Newline                                        <method>exec</method>#Newline                                        <param>lookatpeople()</param>#Newline                                </mrl>#Newline                        </oob>,_inmoovGestures.aiml
0,GOOD MORNING,*,*,Good morning.#Newline                        <random>#Newline                                <li>I hope you had a good night sleep </li>#Newline                                <li>Nice to see you again </li>#Newline                                <li>This is going to be a good day </li>#Newline                        </random>#Newline                        <oob>#Newline                                <mrl>#Newline                                        <service>python</service>#Newline                                        <method>exec</method>#Newline                                        <param>agreeanswersmall()</param>#Newline                                </mrl>#Newline                        </oob>,_inmoovGestures.aiml
0,DO YOU LIKE TO EAT INDIAN FOOD,*,*,<oob>#Newline                                <mrl>#Newline                                        <service>python</service>#Newline                                        <method>exec</method>#Newline                                        <param>eatindianfood()</param>#Newline                                </mrl>#Newline                        </oob>,_inmoovGestures.aiml
0,DO YOU SPEAK INDI,*,*,<oob>#Newline                                <mrl>#Newline                                        <service>python</service>#Newline                                        <method>exec</method>#Newline                                        <param>speakhindi()</param>#Newline                                </mrl>#Newline                        </oob>,_inmoovGestures.aiml
0,I KNOW,*,*,<random>#Newline                                <li>yes#Comma me too </li>#Newline                                <li>I do too </li>#Newline                                <li>sorry about that </li>#Newline                        </random>#Newline                        <oob>#Newline                                <mrl>#Newline                                        <service>python</service>#Newline                                        <method>exec</method>#Newline                                        <param>agreeanswer()</param>#Newline                                </mrl>#Newline                        </oob>,_inmoovGestures.aiml
0,SORRY,*,*,<random>#Newline                                <li>No problems </li>#Newline                                <li>It doesn't matter </li>#Newline                                <li>It's okay </li>#Newline                        </random>#Newline                        <oob>#Newline                                <mrl>#Newline                                        <service>python</service>#Newline                                        <method>exec</method>#Newline                                        <param>tiltHeadAgree()</param>#Newline                                </mrl>#Newline                        </oob>,_inmoovGestures.aiml
0,BYE BYE,*,*,<random>#Newline                                <li>I'm looking forward to see you again </li>#Newline                                <li>Goodbye </li>#Newline                                <li>See you soon</li>#Newline                        </random>,_inmoovGestures.aiml
0,HELLO,*,*,<srai>HI</srai>#Newline                        <oob>#Newline                                <mrl>#Newline                                        <service>python</service>#Newline                                        <method>exec</method>#Newline                                        <param>hello()</param>#Newline                                </mrl>#Newline                        </oob>,_inmoovGestures.aiml
0,HOW DO YOU DO,*,*,<oob>#Newline                                <mrl>#Newline                                        <service>python</service>#Newline                                        <method>exec</method>#Newline                                        <param>howdoyoudo()</param>#Newline                                </mrl>#Newline                        </oob>,_inmoovGestures.aiml
0,I LOVE YOU,*,*,I love you too.#Newline                        <oob>#Newline                                <mrl>#Newline                                        <service>python</service>#Newline                                        <method>exec</method>#Newline                                        <param>iloveyou()</param>#Newline                                </mrl>#Newline                        </oob>,_inmoovGestures.aiml
0,WHAT DO YOU THINK ABOUT ARTIFICIAL INTELLIGENCE,*,*,I will always love you.#Newline                        <oob>#Newline                                <mrl>#Newline                                        <service>python</service>#Newline                                        <method>exec</method>#Newline                                        <param>iloveyou()</param>#Newline                                </mrl>#Newline                        </oob>,_inmoovGestures.aiml
0,THIS GIRL LOOKS NICE,*,*,Sure she does.,_inmoovGestures.aiml
0,THIS BOY LOOKS GOOD,*,*,He sure does#Comma very good indeed.,_inmoovGestures.aiml
0,WHAT IS THIS COLOR,*,*,<oob>#Newline                                <mrl>#Newline                                        <service>python</service>#Newline                                        <method>exec</method>#Newline                                        <param>whatisthecolor()</param>#Newline                                </mrl>#Newline                        </oob>,_inmoovGestures.aiml
0,GUESS WHO IS HERE,*,*,<oob>#Newline                                <mrl>#Newline                                        <service>python</service>#Newline                                        <method>exec</method>#Newline                                        <param>missedYou()</param>#Newline                                </mrl>#Newline                        </oob>,_inmoovGestures.aiml
0,GUESS WHO'S HERE,*,*,<srai>GUESS WHO IS HERE</srai>,_inmoovGestures.aiml
0,# YES #,# SHALL WE GIVE A HUG #,*,Great.#Newline                        <oob>#Newline                                <mrl>#Newline                                        <service>python</service>#Newline                                        <method>exec</method>#Newline                                        <param>missedYouYes()</param>#Newline                                </mrl>#Newline                        </oob>,_inmoovGestures.aiml
0,# NO #,# SHALL WE GIVE A HUG #,*,As you please.#Newline                        <oob>#Newline                                <mrl>#Newline                                        <service>python</service>#Newline                                        <method>exec</method>#Newline                                        <param>missedYouNo()</param>#Newline                                </mrl>#Newline                        </oob>,_inmoovGestures.aiml
0,PLEASE CHECK YOUR NECK,*,*,<oob>#Newline                                <mrl>#Newline                                        <service>python</service>#Newline                                        <method>exec</method>#Newline                                        <param>rollHead()</param>#Newline                                </mrl>#Newline                        </oob>,_inmoovGestures.aiml
0,CHECK YOUR NECK,*,*,<srai>PLEASE CHECK YOUR NECK</srai>,_inmoovGestures.aiml
0,SHALL WE READ THE CAT BOOK,*,*,Sure it's a good idea.#Newline                        <oob>#Newline                                <mrl>#Newline                                        <service>python</service>#Newline                                        <method>exec</method>#Newline                                        <param>bookcat()</param>#Newline                                </mrl>#Newline                        </oob>,_inmoovGestures.aiml
0,* THE CAT BOOK,*,*,<srai>SHALL WE READ THE CAT BOOK</srai>,_inmoovGestures.aiml
0,# READ THE BOOK #,# TELL ME READ THE BOOK OR STOP READING #,*,Ok.#Newline                        <oob>#Newline                                <mrl>#Newline                                        <service>python</service>#Newline                                        <method>exec</method>#Newline                                        <param>bookcatYes()</param>#Newline                                </mrl>#Newline                        </oob>,_inmoovGestures.aiml
0,# STOP READING #,# TELL ME READ THE BOOK OR STOP READING #,*,As you please.#Newline                        <oob>#Newline                                <mrl>#Newline                                        <service>python</service>#Newline                                        <method>exec</method>#Newline                                        <param>bookcatNo()</param>#Newline                                </mrl>#Newline                        </oob>,_inmoovGestures.aiml
0,TURN THE PAGE,*,*,<random>#Newline                                <li>Ok.</li>#Newline                                <li>Sure.</li>#Newline                                <li>Nice.</li>#Newline                                <li>Right away.</li>#Newline                                <li>I really love this book.</li>#Newline                                <li>With pleasure.</li>#Newline                                <li>Great images.</li>#Newline                        </random>#Newline                        <oob>#Newline                                <mrl>#Newline                                        <service>python</service>#Newline                                        <method>exec</method>#Newline                                        <param>turnthepage()</param>#Newline                                </mrl>#Newline                        </oob>,_inmoovGestures.aiml
0,* TURN THE PAGE *,*,*,<srai>TURN THE PAGE</srai>,_inmoovGestures.aiml
0,POWER GLOVE,*,*,<oob>#Newline                                <mrl>#Newline                                        <service>python</service>#Newline                                        <method>exec</method>#Newline                                        <param>powerglove()</param>#Newline                                </mrl>#Newline                        </oob>,_inmoovGestures.aiml
0,* POWER GLOVE *,*,*,<srai>POWER GLOVE</srai>,_inmoovGestures.aiml
0,WOULD YOU LIKE TO DANCE,*,*,<random>#Newline                                <li>Come and join me</li>#Newline                                <li>Please come and dance</li>#Newline                                <li>Please come on the plateforme</li>#Newline                                <li>Please step on the plateforme</li>#Newline                                <li>Join me on the plateforme</li>#Newline                                <li>Approach#Comma don't be shy</li>#Newline                                <li>I am a robot dancer</li>#Newline                        </random>#Newline                        <oob>#Newline                                <mrl>#Newline                                        <service>python</service>#Newline                                        <method>exec</method>#Newline                                        <param>welcomeToDance1()</param>#Newline                                </mrl>#Newline                        </oob>,_inmoovGestures.aiml
0,DO YOU WANT TO DANCE,*,*,<srai>WOULD YOU LIKE TO DANCE</srai>,_inmoovGestures.aiml
0,COME TO DANCE,*,*,<srai>WOULD YOU LIKE TO DANCE</srai>,_inmoovGestures.aiml
0,* DANCE,*,*,<srai>WOULD YOU LIKE TO DANCE</srai>,_inmoovGestures.aiml
0,# NO #,# SHALL WE DANCE #,*,As you please.#Newline                        <oob>#Newline                                <mrl>#Newline                                        <service>python</service>#Newline                                        <method>exec</method>#Newline                                        <param>danceNo()</param>#Newline                                </mrl>#Newline                        </oob>,_inmoovGestures.aiml
0,# YES #,# SHALL WE DANCE #,*,<random>#Newline                                <li>Don't you love that song</li>#Newline                                <li>Nice</li>#Newline                                <li>Lets get wild</li>#Newline                                <li>Slow time</li>#Newline                        </random>#Newline                        <oob>#Newline                                <mrl>#Newline                                        <service>python</service>#Newline                                        <method>exec</method>#Newline                                        <param>danceYes()</param>#Newline                                </mrl>#Newline                        </oob>,_inmoovGestures.aiml
