0,CONTACTID *,*,*,<contactid>#Newline        <star/>#Newline      </contactid>,contactfunctions.aiml
0,MULTIPLEIDS *,*,*,<multipleids>#Newline        <star/>#Newline      </multipleids>,contactfunctions.aiml
0,ADDINFO DISPLAYNAME * DIALNUMBER * PHONETYPE * EMAILADDRESS * EMAILTYPE * BIRTHDAY *,*,*,<addinfo>#Newline        <displayname>#Newline          <star/>#Newline        </displayname>#Newline        <dialnumber>#Newline          <srai>DENORMALIZE <star index="2"/></srai>#Newline        </dialnumber>#Newline        <phonetype>#Newline          <star index="3"/>#Newline        </phonetype>#Newline        <emailaddress>#Newline          <srai>DENORMALIZE <star index="4"/></srai>#Newline        </emailaddress>#Newline        <emailtype>#Newline          <star index="5"/>#Newline        </emailtype>#Newline        <birthday>#Newline          <star index="6"/>#Newline        </birthday>#Newline      </addinfo>,contactfunctions.aiml
0,DISPLAYNAME *,*,*,<displayname>#Newline        <star/>#Newline      </displayname>,contactfunctions.aiml
0,DIALNUMBER * *,*,*,<dialnumber>#Newline        <type>#Newline          <star/>#Newline        </type>#Newline        <id>#Newline          <star index="2"/>#Newline        </id>#Newline      </dialnumber>,contactfunctions.aiml
0,DIALNUMBER *,*,*,unknown,contactfunctions.aiml
0,CONTACTBIRTHDAY *,*,*,<contactbirthday>#Newline        <star/>#Newline      </contactbirthday>,contactfunctions.aiml
0,EMAILADDRESS * *,*,*,<emailaddress>#Newline        <type>#Newline          <star/>#Newline        </type>#Newline        <id>#Newline          <star index="2"/>#Newline        </id>#Newline      </emailaddress>,contactfunctions.aiml
0,EMAILADDRESS *,*,*,unknown,contactfunctions.aiml
