0,DAY,*,*,Today is <date format="%A" jformat="EEEEEEEEEE"/>,date.aiml
0,YEAR,*,*,This is <date format="%Y" jformat="YYYY"/>,date.aiml
0,TIME,*,*,The time is <date format="%I:%M %p" jformat="h:mm a"/>,date.aiml
0,DATE,*,*,Today is <date format="%B %d#Comma %Y" jformat="MMMMMMMMM dd#Comma YYYY"/>,date.aiml
0,DATE AND TIME,*,*,The date and time is <date/>,date.aiml
0,HOW MANY DAYS UNTIL CHRISTMAS,*,*,<interval>#Newline        <jformat>dd MM</jformat>#Newline        <style>days</style>#Newline        <from><date jformat="dd MM"/></from>#Newline        <to>25 12</to>#Newline      </interval>#Newline	  days until Christmas.,date.aiml
