0,ROMAN NUMBERNAME,*,*,<srai>ROMAN <map><name>name2number</name><star/></map></srai>,roman.aiml
0,ROMAN *,*,*,<think>#Newline        <set var="ex">#Newline          <explode>#Newline            <star/>#Newline          </explode>#Newline        </set>#Newline      </think>#Newline      <condition var="ex">#Newline        <li>#Newline          <value>#Newline            <star/>#Newline          </value>I don't know what <srai>IMPLODE <star/></srai> is in Roman.</li>#Newline        <li>#Newline          <srai>ROMAN <explode><star/></explode></srai>#Newline        </li>#Newline      </condition>,roman.aiml
0,ROMAN DIGIT,*,*,<think>#Newline        <set var="d">#Newline          <star/>#Newline        </set>#Newline      </think>#Newline      <condition var="d">#Newline        <li value="1">I</li>#Newline        <li value="2">II</li>#Newline        <li value="3">III</li>#Newline        <li value="4">IV</li>#Newline        <li value="5">V</li>#Newline        <li value="6">VI</li>#Newline        <li value="7">VII</li>#Newline        <li value="8">VIII</li>#Newline        <li value="9">IX</li>#Newline        <li/>#Newline      </condition>,roman.aiml
0,ROMAN DIGITDIGIT,*,*,<think>#Newline        <set var="d">#Newline          <star/>#Newline        </set>#Newline      </think>#Newline      <condition var="d">#Newline        <li value="1">X</li>#Newline        <li value="2">XX</li>#Newline        <li value="3">XXX</li>#Newline        <li value="4">XL</li>#Newline        <li value="5">L</li>#Newline        <li value="6">LX</li>#Newline        <li value="7">LXX</li>#Newline        <li value="8">LXXX</li>#Newline        <li value="9">XC</li>#Newline        <li/>#Newline      </condition>#Newline      <srai>ROMAN <star index="2"/></srai>,roman.aiml
0,ROMAN DIGITDIGITDIGIT,*,*,<think>#Newline        <set var="d">#Newline          <star/>#Newline        </set>#Newline      </think>#Newline      <condition var="d">#Newline        <li value="1">C</li>#Newline        <li value="2">CC</li>#Newline        <li value="3">CCC</li>#Newline        <li value="4">CD</li>#Newline        <li value="5">D</li>#Newline        <li value="6">DC</li>#Newline        <li value="7">DCC</li>#Newline        <li value="8">DCCC</li>#Newline        <li value="9">CM</li>#Newline        <li/>#Newline      </condition>#Newline      <srai>ROMAN <star index="2"/><star index="3"/></srai>,roman.aiml
0,ROMAN DIGITDIGITDIGITDIGIT,*,*,<think>#Newline        <set var="d">#Newline          <star/>#Newline        </set>#Newline      </think>#Newline      <condition var="d">#Newline        <li value="1">M</li>#Newline        <li value="2">MM</li>#Newline        <li value="3">MMM</li>#Newline        <li value="4">MMMM</li>#Newline        <li value="5">D</li>#Newline        <li value="6">MMMMM</li>#Newline        <li value="7">MMMMMM</li>#Newline        <li value="8">MMMMMMM</li>#Newline        <li value="9">MMMMMMMM</li>#Newline        <li/>#Newline      </condition>#Newline      <srai>ROMAN <star index="2"/><star index="3"/><star index="4"/></srai>,roman.aiml
