0,SEND RSVP TO *,*,*,I'm sending an RSVP to <star/>.#Newline		<think>#Newline			<addtriple>#Newline				<subj><star/></subj>#Newline				<pred>has</pred>#Newline				<obj>RSVP</obj>#Newline			</addtriple>#Newline			<addtriple>#Newline				<subj><star/></subj>#Newline				<pred>status</pred>#Newline				<obj>not responded</obj>#Newline			</addtriple>#Newline		</think>,rsvp.aiml
0,WHO HAS AN RSVP,*,*,<think>#Newline        <set var="tuples">#Newline          <select>#Newline            <vars>?x</vars>#Newline            <q>#Newline              <subj>?x</subj>#Newline              <pred>has</pred>#Newline              <obj>RSVP</obj>#Newline            </q>#Newline          </select>#Newline        </set>#Newline      </think>#Newline      <condition var="tuples">#Newline        <li value="NIL"/>#Newline        <li>#Newline          <get var="?x">#Newline            <tuple>#Newline              <first>#Newline                <get var="tuples"/>#Newline              </first>#Newline            </tuple>#Newline          </get>#Comma#Newline  		  <think>#Newline  			<set var="tuples">#Newline  				<rest><get var="tuples"/></rest>#Newline  			</set>#Newline  		  </think>#Newline  		  <loop/>#Newline  		</li>#Newline      </condition>,rsvp.aiml
0,RSVP STATUS,*,*,<think>#Newline        <set var="tuples">#Newline          <select>#Newline            <vars>?x ?status</vars>#Newline            <q>#Newline              <subj>?x</subj>#Newline              <pred>status</pred>#Newline              <obj>?status</obj>#Newline            </q>#Newline          </select>#Newline        </set>#Newline      </think>#Newline      <condition var="tuples">#Newline        <li value="NIL"/>#Newline        <li>#Newline          <get var="?x">#Newline            <tuple>#Newline              <first>#Newline                <get var="tuples"/>#Newline              </first>#Newline            </tuple>#Newline          </get> -- <get var="?status"><tuple><first><get var="tuples"/></first></tuple></get><think><set var="tuples"><rest><get var="tuples"/></rest></set></think><loop/></li>#Newline      </condition>,rsvp.aiml
0,NAME IS ATTENDING,*,*,Setting <star/>'s RSVP status to "attending".#Newline		<think>#Newline			<deletetriple>#Newline				<subj><star/></subj>#Newline				<pred>status</pred>#Newline				<obj>not responded</obj>#Newline			</deletetriple>#Newline			<addtriple>#Newline				<subj><star/></subj>#Newline				<pred>status</pred>#Newline				<obj>attending</obj>#Newline			</addtriple>#Newline		</think>,rsvp.aiml
0,NAME IS NOT ATTENDING,*,*,Setting <star/>'s RSVP status to "not attending".#Newline		<think>#Newline			<deletetriple>#Newline				<subj> <star/></subj>#Newline				<pred>status</pred>#Newline				<obj>not responded</obj>#Newline			</deletetriple>#Newline			<addtriple>#Newline				<subj><star/></subj>#Newline				<pred>status</pred>#Newline				<obj>not attending</obj>#Newline			</addtriple>#Newline		</think>,rsvp.aiml
